Metal,Substrate,Me_MagpieData mean CovalentRadius,Me_MagpieData mean Electronegativity,Me_MagpieData mean NdValence,Me_MagpieData mean SpaceGroupNumber,Me_MagpieData mean GSmagmom,Ce_MagpieData mean MeltingT,Ce_MagpieData mean NpUnfilled,Testing temperature (K),Wetting angle
Sn,Al2O3,139,1.96,10,141,0,406.268,3.2,1373,123
Sn0.96Al0.04,Al2O3,138.28,1.946,9.6,144.36,0,406.268,3.2,1373,114
Sn0.875Al0.125,Al2O3,136.75,1.91625,8.75,151.5,0,406.268,3.2,1373,66
Sn0.86Al0.14,Al2O3,136.48,1.911,8.6,152.76,0,406.268,3.2,1373,73
Sn0.4Al0.6,Al2O3,128.2,1.75,4,191.4,0,406.268,3.2,1373,71
Sn0.1Al0.9,Al2O3,122.8,1.645,1,216.6,0,406.268,3.2,1373,79
Al,Al2O3,121,1.61,0,225,0,406.268,3.2,1273,73
Sn,Al2O3,139,1.96,10,141,0,406.268,3.2,1273,123
Sn0.9Al0.1,Al2O3,137.2,1.925,9,149.4,0,406.268,3.2,1273,109
Sn0.85Al0.15,Al2O3,136.3,1.9075,8.5,153.6,0,406.268,3.2,1273,71
Sn0.7Al0.3,Al2O3,133.6,1.855,7,166.2,0,406.268,3.2,1273,66
Sn0.4Al0.6,Al2O3,128.2,1.75,4,191.4,0,406.268,3.2,1273,67
Sn0.1Al0.9,Al2O3,122.8,1.645,1,216.6,0,406.268,3.2,1273,70
Al,Al2O3,121,1.61,0,225,0,406.268,3.2,1373,81
Cu,Al2O3,132,1.9,10,225,0,406.268,3.2,1350,138
Cu0.905Ti0.095,Al2O3,134.66,1.8658,9.24,222.055,2.14E-06,406.268,3.2,1350,30
Cu0.874Ti0.126,Al2O3,135.528,1.85464,8.992,221.094,2.84E-06,406.268,3.2,1350,20
Cu0.874Ti0.126,Al2O3,135.528,1.85464,8.992,221.094,2.84E-06,406.268,3.2,1350,38
Ni0.5Pd0.5,Al2O3,131.5,2.055,9,225,0.29769735,406.268,3.2,1523,113
Ni0.475Pd0.475Ti0.05,Al2O3,132.925,2.02925,8.65,223.45,0.282813609,406.268,3.2,1523,97
Ni0.425Pd0.425Ti0.15,Al2O3,135.775,1.97775,7.95,220.35,0.253046128,406.268,3.2,1523,70
Ni0.375Pd0.375Ti0.25,Al2O3,138.625,1.92625,7.25,217.25,0.223278646,406.268,3.2,1523,50
Al,Al2O3,121,1.61,0,225,0,406.268,3.2,1173,103
Al,Si1O2,121,1.61,0,225,0,598.8666667,2.666666667,973,150
Al,Si1O2,121,1.61,0,225,0,598.8666667,2.666666667,1073,98
Al,Si1O2,121,1.61,0,225,0,598.8666667,2.666666667,1173,68
Al,Ca1O1,121,1.61,0,225,0,584.9,1,1173,100
Ag,Al2O3,145,1.93,10,225,0,406.268,3.2,1373,130
Al,Al2O3,121,1.61,0,225,0,406.268,3.2,1150,82
Au,Al2O3,136,2.54,10,225,0,406.268,3.2,1373,140
Au,Al2O3,136,2.54,10,225,0,406.268,3.2,1365,131
Cu,Al2O3,132,1.9,10,225,0,406.268,3.2,1423,128
Fe,Al2O3,132,1.83,6,229,2.1106628,406.268,3.2,1853,109
Fe,Al2O3,132,1.83,6,229,2.1106628,406.268,3.2,1873,130
Ga,Al2O3,122,1.81,10,64,0,406.268,3.2,1173,118
In,Al2O3,142,1.78,10,139,0,406.268,3.2,429,124
Ni,Al2O3,124,1.91,8,225,0.5953947,406.268,3.2,1773,109
Ni,Al2O3,124,1.91,8,225,0.5953947,406.268,3.2,1873,123
Pb,Al2O3,146,2.33,10,225,0,406.268,3.2,1173,117
Pb,Al2O3,146,2.33,10,225,0,406.268,3.2,1173,132
Sb,Al2O3,139,2.05,10,166,0,406.268,3.2,998,102
Si,Al2O3,111,1.9,0,227,0,406.268,3.2,1723,80
Sn,Al2O3,139,1.96,10,141,0,406.268,3.2,1373,125
Al0.98Ca0.02,Ca1O1,122.1,1.5978,0,225,0,584.9,1,1173,92
Al0.9Mg0.1,Mg1O1,123,1.58,0,221.9,0,488.9,1,1173,102
Cu,Al2O3,132,1.9,10,225,0,406.268,3.2,1523,120
Cu0.975O0.025,Al2O3,130.35,1.9385,9.75,219.675,0,406.268,3.2,1523,30
Cu0.9Ti0.1,Ti1O1,134.8,1.864,9.2,221.9,2.25E-06,997.9,1,1423,30
Cu,Al2O3,132,1.9,10,225,0,406.268,3.2,1373,128
Cu0.975Ti0.025,Al2O3,132.7,1.891,9.8,224.225,5.63E-07,406.268,3.2,1373,75
Cu0.95Ti0.05,Al2O3,133.4,1.882,9.6,223.45,1.13E-06,406.268,3.2,1373,44
Cu0.925Ti0.075,Al2O3,134.1,1.873,9.4,222.675,1.69E-06,406.268,3.2,1373,31
Cu0.9Ti0.1,Al2O3,134.8,1.864,9.2,221.9,2.25E-06,406.268,3.2,1373,27
Cu0.875Ti0.125,Al2O3,135.5,1.855,9,221.125,2.82E-06,406.268,3.2,1373,21
Cu0.75Ti0.25,Al2O3,139,1.81,8,217.25,5.63E-06,406.268,3.2,1273,33
Cu0.75Ti0.25,Al2O3,139,1.81,8,217.25,5.63E-06,406.268,3.2,1373,16
Cu0.75Ti0.25,Al2O3,139,1.81,8,217.25,5.63E-06,406.268,3.2,1473,10
Cu0.75Ti0.25,Al2O3,139,1.81,8,217.25,5.63E-06,406.268,3.2,1573,12
Al,Si1O2,121,1.61,0,225,0,598.8666667,2.666666667,1073,87.5
Al0.92Mg0.08,Si1O2,122.6,1.586,0,222.52,0,598.8666667,2.666666667,1073,76.5
Al0.8Mg0.2,Si1O2,125,1.55,0,218.8,0,598.8666667,2.666666667,1073,50
Al0.57Mg0.43,Si1O2,129.6,1.481,0,211.67,0,598.8666667,2.666666667,1073,18
Al0.31Mg0.69,Si1O2,134.8,1.403,0,203.61,0,598.8666667,2.666666667,1073,6.5
Mg,Si1O2,141,1.31,0,194,0,598.8666667,2.666666667,1073,4
Al0.57Mg0.43,Si1O2,129.6,1.481,0,211.67,0,598.8666667,2.666666667,1023,15
Al0.57Mg0.43,Si1O2,129.6,1.481,0,211.67,0,598.8666667,2.666666667,1123,32
Au,Al2O3,136,2.54,10,225,0,406.268,3.2,1423,137.5
Au0.99Ti0.01,Al2O3,136.24,2.53,9.92,224.69,2.25E-07,406.268,3.2,1423,97.2
Au0.98Ti0.02,Al2O3,136.48,2.52,9.84,224.38,4.51E-07,406.268,3.2,1423,85.8
Au0.97Ti0.03,Al2O3,136.72,2.51,9.76,224.07,6.76E-07,406.268,3.2,1423,78.3
Au0.94Ti0.06,Al2O3,137.44,2.48,9.52,223.14,1.35E-06,406.268,3.2,1423,69.2
Au0.92Ti0.08,Al2O3,137.92,2.46,9.36,222.52,1.80E-06,406.268,3.2,1423,68.1
Ga,Al2O3,122,1.81,10,64,0,406.268,3.2,1323,125.3
Ga0.996Ti0.004,Al2O3,122.152,1.80892,9.968,64.52,9.01E-08,406.268,3.2,1323,74.3
Ga0.992Ti0.008,Al2O3,122.304,1.80784,9.936,65.04,1.80E-07,406.268,3.2,1323,72.7
Ga0.991Ti0.009,Al2O3,122.342,1.80757,9.928,65.17,2.03E-07,406.268,3.2,1323,69.4
Ga0.99Ti0.01,Al2O3,122.38,1.8073,9.92,65.3,2.25E-07,406.268,3.2,1323,65.6
Ga0.978Ti0.022,Al2O3,122.836,1.80406,9.824,66.86,4.96E-07,406.268,3.2,1323,63.1
Ga0.962Ti0.038,Al2O3,123.444,1.79974,9.696,68.94,8.56E-07,406.268,3.2,1323,56.3
Ga0.957Ti0.043,Al2O3,123.634,1.79839,9.656,69.59,9.69E-07,406.268,3.2,1323,64.8
Ga0.938Ti0.062,Al2O3,124.356,1.79326,9.504,72.06,1.40E-06,406.268,3.2,1323,57
Ga0.92Ti0.08,Al2O3,125.04,1.7884,9.36,74.4,1.80E-06,406.268,3.2,1323,64.2
Cu0.99Ti0.01,Mg1O1,132.28,1.8964,9.92,224.69,2.25E-07,488.9,1,1423,95
Cu0.98Ti0.02,Mg1O1,132.56,1.8928,9.84,224.38,4.51E-07,488.9,1,1423,61.9
Cu0.97Ti0.03,Mg1O1,132.84,1.8892,9.76,224.07,6.76E-07,488.9,1,1423,44.4
Cu0.96Ti0.04,Mg1O1,133.12,1.8856,9.68,223.76,9.01E-07,488.9,1,1423,37.5
Cu0.94Ti0.06,Mg1O1,133.68,1.8784,9.52,223.14,1.35E-06,488.9,1,1423,28.1
Cu,Al2O3,132,1.9,10,225,0,406.268,3.2,1423,128.6
Cu0.99Ti0.01,Al2O3,132.28,1.8964,9.92,224.69,2.25E-07,406.268,3.2,1423,88.9
Cu0.98Ti0.02,Al2O3,132.56,1.8928,9.84,224.38,4.51E-07,406.268,3.2,1423,51.4
Cu0.96Ti0.04,Al2O3,133.12,1.8856,9.68,223.76,9.01E-07,406.268,3.2,1423,33.1
Cu0.94Ti0.06,Al2O3,133.68,1.8784,9.52,223.14,1.35E-06,406.268,3.2,1423,23.6
Cu0.92Ti0.08,Al2O3,134.24,1.8712,9.36,222.52,1.80E-06,406.268,3.2,1423,16.9
Sn,Si1O2,139,1.96,10,141,0,598.8666667,2.666666667,1273,128.1
Sn0.99Ti0.01,Si1O2,139.21,1.9558,9.92,141.53,2.25E-07,598.8666667,2.666666667,1273,48.3
Sn0.98Ti0.02,Si1O2,139.42,1.9516,9.84,142.06,4.51E-07,598.8666667,2.666666667,1273,31.4
Sn0.97Ti0.03,Si1O2,139.63,1.9474,9.76,142.59,6.76E-07,598.8666667,2.666666667,1273,19.4
Sn0.96Ti0.04,Si1O2,139.84,1.9432,9.68,143.12,9.01E-07,598.8666667,2.666666667,1273,13.1
Sn0.94Ti0.06,Si1O2,140.26,1.9348,9.52,144.18,1.35E-06,598.8666667,2.666666667,1273,6.4
Sn,Al2O3,139,1.96,10,141,0,406.268,3.2,1173,128.1
Sn0.995Sc0.005,Al2O3,139.155,1.957,9.955,141.265,3.18E-08,406.268,3.2,1173,71
Sn0.994Sc0.006,Al2O3,139.186,1.9564,9.946,141.318,3.81E-08,406.268,3.2,1173,54.9
Sn0.993Sc0.007,Al2O3,139.217,1.9558,9.937,141.371,4.45E-08,406.268,3.2,1173,49.9
Sn0.992Sc0.008,Al2O3,139.248,1.9552,9.928,141.424,5.08E-08,406.268,3.2,1173,46.1
Sn0.982Sc0.018,Al2O3,139.558,1.9492,9.838,141.954,1.14E-07,406.268,3.2,1173,35.8
Sn0.981Sc0.019,Al2O3,139.589,1.9486,9.829,142.007,1.21E-07,406.268,3.2,1173,35.2
In,Al2O3,142,1.78,10,139,0,406.268,3.2,973,129.2
In0.992Sc0.008,Al2O3,142.224,1.77664,9.928,139.44,5.08E-08,406.268,3.2,973,19.4
In0.986Sc0.014,Al2O3,142.392,1.77412,9.874,139.77,8.89E-08,406.268,3.2,973,12.9
In0.984Sc0.016,Al2O3,142.448,1.77328,9.856,139.88,1.02E-07,406.268,3.2,973,11.3
In0.979Sc0.021,Al2O3,142.588,1.77118,9.811,140.155,1.33E-07,406.268,3.2,973,11.4
In0.973Sc0.027,Al2O3,142.756,1.76866,9.757,140.485,1.71E-07,406.268,3.2,973,10.5
In0.952Sc0.048,Al2O3,143.344,1.75984,9.568,141.64,3.05E-07,406.268,3.2,973,11.1
Cu,Al2O3,132,1.9,10,225,0,406.268,3.2,1423,161.4
Ag0.72Cu0.28,Ca1F2,141.36,1.9216,10,225,0,407.3333333,0.666666667,1423,125.5
Bi,U1O2,148,2.02,10,12,0,505.8666667,1.333333333,1073,163.2
Sn,Al2O3,139,1.96,10,141,0,406.268,3.2,973,133
Sn,Al2O3,139,1.96,10,141,0,406.268,3.2,1073,127
Sn,Al2O3,139,1.96,10,141,0,406.268,3.2,1173,127
Sn,Al2O3,139,1.96,10,141,0,406.268,3.2,1273,127
Sn0.98Ti0.02,Al2O3,139.42,1.9516,9.84,142.06,4.51E-07,406.268,3.2,973,92
Sn0.98Ti0.02,Al2O3,139.42,1.9516,9.84,142.06,4.51E-07,406.268,3.2,1073,78
Sn0.98Ti0.02,Al2O3,139.42,1.9516,9.84,142.06,4.51E-07,406.268,3.2,1173,77
Sn0.98Ti0.02,Al2O3,139.42,1.9516,9.84,142.06,4.51E-07,406.268,3.2,1273,77
Sn0.95Ti0.05,Al2O3,140.05,1.939,9.6,143.65,1.13E-06,406.268,3.2,973,83
Sn0.95Ti0.05,Al2O3,140.05,1.939,9.6,143.65,1.13E-06,406.268,3.2,1073,59
Sn0.95Ti0.05,Al2O3,140.05,1.939,9.6,143.65,1.13E-06,406.268,3.2,1173,50
Sn0.95Ti0.05,Al2O3,140.05,1.939,9.6,143.65,1.13E-06,406.268,3.2,1273,49
Al,Ti1O2,121,1.61,0,225,0,683.5333333,1.333333333,973,148
Al,Ti1O2,121,1.61,0,225,0,683.5333333,1.333333333,1073,127
Al,Ti1O2,121,1.61,0,225,0,683.5333333,1.333333333,1173,91
Al,Ti1O2,121,1.61,0,225,0,683.5333333,1.333333333,1273,85
Fe,Al2O3,132,1.83,6,229,2.1106628,406.268,3.2,1823,132
Fe,Al2O3,132,1.83,6,229,2.1106628,406.268,3.2,1838,133
Fe,Al2O3,132,1.83,6,229,2.1106628,406.268,3.2,1848,134
Fe,Al2O3,132,1.83,6,229,2.1106628,406.268,3.2,1858,134
Fe,Al2O3,132,1.83,6,229,2.1106628,406.268,3.2,1873,132
Fe,Al2O3,132,1.83,6,229,2.1106628,406.268,3.2,1823,115
Fe0.84Cr0.16,Al2O3,133.12,1.8028,5.84,229,1.772956752,406.268,3.2,1823,155
Fe0.84Cr0.16,Al2O3,133.12,1.8028,5.84,229,1.772956752,406.268,3.2,1823,148
Fe0.68Cr0.32,Al2O3,134.24,1.7756,5.68,229,1.435250704,406.268,3.2,1823,147
Fe0.68Cr0.32,Al2O3,134.24,1.7756,5.68,229,1.435250704,406.268,3.2,1823,143
Fe0.68Cr0.32,Al2O3,134.24,1.7756,5.68,229,1.435250704,406.268,3.2,1823,140
Fe,Al2O3,132,1.83,6,229,2.1106628,406.268,3.2,1823,119
Fe0.88Cr0.12,Al2O3,132.84,1.8096,5.88,229,1.857383264,406.268,3.2,1823,118
Fe0.83Cr0.17,Al2O3,133.19,1.8011,5.83,229,1.751850124,406.268,3.2,1823,117
Fe0.8Cr0.2,Al2O3,133.4,1.796,5.8,229,1.68853024,406.268,3.2,1823,110
Fe0.78Cr0.22,Al2O3,133.54,1.7926,5.78,229,1.646316984,406.268,3.2,1823,114
Fe0.88Cr0.12,Mg1O1,132.84,1.8096,5.88,229,1.857383264,488.9,1,1823,102
Fe0.83Cr0.17,Mg1O1,133.19,1.8011,5.83,229,1.751850124,488.9,1,1823,114
Fe0.8Cr0.2,Mg1O1,133.4,1.796,5.8,229,1.68853024,488.9,1,1823,102
Fe0.78Cr0.22,Mg1O1,133.54,1.7926,5.78,229,1.646316984,488.9,1,1823,102
Ag,Al2O3,145,1.93,10,225,0,406.268,3.2,1373,121
Ag,Al2O3,145,1.93,10,225,0,406.268,3.2,1373,118
Ag,Al2O3,145,1.93,10,225,0,406.268,3.2,1373,110
Ag,Al2O3,145,1.93,10,225,0,406.268,3.2,1373,99
Ag,Al2O3,145,1.93,10,225,0,406.268,3.2,1373,94
Ag,Al2O3,145,1.93,10,225,0,406.268,3.2,1373,90
Ag,Al2O3,145,1.93,10,225,0,406.268,3.2,1373,91
Ag,Al2O3,145,1.93,10,225,0,406.268,3.2,1373,85
Ag,Al2O3,145,1.93,10,225,0,406.268,3.2,1373,79
Ag,Al2O3,145,1.93,10,225,0,406.268,3.2,1373,129
Ag,Al2O3,145,1.93,10,225,0,406.268,3.2,1373,120
Ag,Al2O3,145,1.93,10,225,0,406.268,3.2,1373,112
Ag,Al2O3,145,1.93,10,225,0,406.268,3.2,1373,86
Ag,Al2O3,145,1.93,10,225,0,406.268,3.2,1381,130
Ag,Al2O3,145,1.93,10,225,0,406.268,3.2,1381,110
Ag,Al2O3,145,1.93,10,225,0,406.268,3.2,1381,96
Ag,Al2O3,145,1.93,10,225,0,406.268,3.2,1381,92
Ag,Al2O3,145,1.93,10,225,0,406.268,3.2,1381,86
Ag,Al2O3,145,1.93,10,225,0,406.268,3.2,1381,82.5
Cu,Y2O3,132,1.9,10,225,0,752.48,1.2,1423,145
Ag,Y2O3,145,1.93,10,225,0,752.48,1.2,1423,141
Au,Y2O3,136,2.54,10,225,0,752.48,1.2,1423,134
Sn,Y2O3,139,1.96,10,141,0,752.48,1.2,1423,84
Ge,Y2O3,120,2.01,10,225,0,752.48,1.2,1423,47
Cu,Gd2O3,132,1.9,10,225,0,667.28,1.2,1423,129
Ag,Gd2O3,145,1.93,10,225,0,667.28,1.2,1423,128
Au,Gd2O3,136,2.54,10,225,0,667.28,1.2,1423,127
Sn,Gd2O3,139,1.96,10,141,0,667.28,1.2,1423,81
Ge,Gd2O3,120,2.01,10,225,0,667.28,1.2,1423,43
Cu,Tb2O3,132,1.9,10,225,0,684.48,1.2,1423,148
Ag,Tb2O3,145,1.93,10,225,0,684.48,1.2,1423,137
Au,Tb2O3,136,2.54,10,225,0,684.48,1.2,1423,130
Sn,Tb2O3,139,1.96,10,141,0,684.48,1.2,1423,75
Ge,Tb2O3,120,2.01,10,225,0,684.48,1.2,1423,41
Cu,Dy2O3,132,1.9,10,225,0,706.88,1.2,1423,147
Ag,Dy2O3,145,1.93,10,225,0,706.88,1.2,1423,137
Au,Dy2O3,136,2.54,10,225,0,706.88,1.2,1423,132
Sn,Dy2O3,139,1.96,10,141,0,706.88,1.2,1423,85
Ge,Dy2O3,120,2.01,10,225,0,706.88,1.2,1423,46
Cu,Ho2O3,132,1.9,10,225,0,731.68,1.2,1423,149
Ag,Ho2O3,145,1.93,10,225,0,731.68,1.2,1423,145
Au,Ho2O3,136,2.54,10,225,0,731.68,1.2,1423,144
Sn,Ho2O3,139,1.96,10,141,0,731.68,1.2,1423,96
Ge,Ho2O3,120,2.01,10,225,0,731.68,1.2,1423,57
Cu,Er2O3,132,1.9,10,225,0,740.88,1.2,1423,152
Ag,Er2O3,145,1.93,10,225,0,740.88,1.2,1423,145
Au,Er2O3,136,2.54,10,225,0,740.88,1.2,1423,140
Sn,Er2O3,139,1.96,10,141,0,740.88,1.2,1423,88
Ge,Er2O3,120,2.01,10,225,0,740.88,1.2,1423,53
Cu,Tm2O3,132,1.9,10,225,0,760.08,1.2,1423,148
Ag,Tm2O3,145,1.93,10,225,0,760.08,1.2,1423,144
Au,Tm2O3,136,2.54,10,225,0,760.08,1.2,1423,127
Sn,Tm2O3,139,1.96,10,141,0,760.08,1.2,1423,81
Ge,Tm2O3,120,2.01,10,225,0,760.08,1.2,1423,46
Cu,Yb2O3,132,1.9,10,225,0,469.68,1.2,1423,125
Ag,Yb2O3,145,1.93,10,225,0,469.68,1.2,1423,116
Au,Yb2O3,136,2.54,10,225,0,469.68,1.2,1423,113
Sn,Yb2O3,139,1.96,10,141,0,469.68,1.2,1423,81
Ge,Yb2O3,120,2.01,10,225,0,469.68,1.2,1423,51
Cu,Lu2O3,132,1.9,10,225,0,807.28,1.2,1423,149
Ag,Lu2O3,145,1.93,10,225,0,807.28,1.2,1423,147
Au,Lu2O3,136,2.54,10,225,0,807.28,1.2,1423,140
Sn,Lu2O3,139,1.96,10,141,0,807.28,1.2,1423,92
Ge,Lu2O3,120,2.01,10,225,0,807.28,1.2,1423,81
Cu,Al2O3,132,1.9,10,225,0,406.268,3.2,1423,134
Ag,Al2O3,145,1.93,10,225,0,406.268,3.2,1423,130
Au,Al2O3,136,2.54,10,225,0,406.268,3.2,1423,126
Sn,Al2O3,139,1.96,10,141,0,406.268,3.2,1423,124
Ge,Al2O3,120,2.01,10,225,0,406.268,3.2,1423,110
Ag0.96Ti0.04,Y2O3,145.6,1.9144,9.68,223.76,9.01E-07,752.48,1.2,1423,71
Ag0.96Ti0.04,Er2O3,145.6,1.9144,9.68,223.76,9.01E-07,740.88,1.2,1423,71
Ag0.96Ti0.04,Al2O3,145.6,1.9144,9.68,223.76,9.01E-07,406.268,3.2,1423,67
Au0.92Ti0.08,Y2O3,137.92,2.46,9.36,222.52,1.80E-06,752.48,1.2,1423,65
Au0.92Ti0.08,Cd2O3,137.92,2.46,9.36,222.52,1.80E-06,270.568,1.2,1423,59
Au0.92Ti0.08,Er2O3,137.92,2.46,9.36,222.52,1.80E-06,740.88,1.2,1423,67
Au0.92Ti0.08,Tm2O3,137.92,2.46,9.36,222.52,1.80E-06,760.08,1.2,1423,67
Au0.92Ti0.08,Yb2O3,137.92,2.46,9.36,222.52,1.80E-06,469.68,1.2,1423,54
Au0.92Ti0.08,Lu2O3,137.92,2.46,9.36,222.52,1.80E-06,807.28,1.2,1423,63
Au0.92Ti0.08,Al2O3,137.92,2.46,9.36,222.52,1.80E-06,406.268,3.2,1423,62
Cu0.43Ti0.57,Y2O3,147.96,1.6948,5.44,207.33,1.28E-05,752.48,1.2,1423,57
Cu0.43Ti0.57,Cd2O3,147.96,1.6948,5.44,207.33,1.28E-05,270.568,1.2,1423,49
Cu0.43Ti0.57,Tb2O3,147.96,1.6948,5.44,207.33,1.28E-05,684.48,1.2,1423,53
Cu0.43Ti0.57,Dy2O3,147.96,1.6948,5.44,207.33,1.28E-05,706.88,1.2,1423,60
Cu0.43Ti0.57,Ho2O3,147.96,1.6948,5.44,207.33,1.28E-05,731.68,1.2,1423,48
Cu0.43Ti0.57,Er2O3,147.96,1.6948,5.44,207.33,1.28E-05,740.88,1.2,1423,59
Cu0.43Ti0.57,Tm2O3,147.96,1.6948,5.44,207.33,1.28E-05,760.08,1.2,1423,58
Cu0.43Ti0.57,Yb2O3,147.96,1.6948,5.44,207.33,1.28E-05,469.68,1.2,1423,29
Cu0.43Ti0.57,Lu2O3,147.96,1.6948,5.44,207.33,1.28E-05,807.28,1.2,1423,60
Cu0.43Ti0.57,Al2O3,147.96,1.6948,5.44,207.33,1.28E-05,406.268,3.2,1423,2
Sn0.96Ti0.04,Y2O3,139.84,1.9432,9.68,143.12,9.01E-07,752.48,1.2,1423,31
Sn0.96Ti0.04,Cd2O3,139.84,1.9432,9.68,143.12,9.01E-07,270.568,1.2,1423,29
Sn0.96Ti0.04,Dy2O3,139.84,1.9432,9.68,143.12,9.01E-07,706.88,1.2,1423,32
Sn0.96Ti0.04,Ho2O3,139.84,1.9432,9.68,143.12,9.01E-07,731.68,1.2,1423,32
Sn0.96Ti0.04,Er2O3,139.84,1.9432,9.68,143.12,9.01E-07,740.88,1.2,1423,35
Sn0.96Ti0.04,Tm2O3,139.84,1.9432,9.68,143.12,9.01E-07,760.08,1.2,1423,31
Sn0.96Ti0.04,Yb2O3,139.84,1.9432,9.68,143.12,9.01E-07,469.68,1.2,1423,25
Sn0.96Ti0.04,Lu2O3,139.84,1.9432,9.68,143.12,9.01E-07,807.28,1.2,1423,41
Sn0.96Ti0.04,Al2O3,139.84,1.9432,9.68,143.12,9.01E-07,406.268,3.2,1423,59
Ge0.95Ti0.05,Y2O3,122,1.9865,9.6,223.45,1.13E-06,752.48,1.2,1423,24
Ge0.95Ti0.05,Cd2O3,122,1.9865,9.6,223.45,1.13E-06,270.568,1.2,1423,22
Ge0.95Ti0.05,Tb2O3,122,1.9865,9.6,223.45,1.13E-06,684.48,1.2,1423,27
Ge0.95Ti0.05,Dy2O3,122,1.9865,9.6,223.45,1.13E-06,706.88,1.2,1423,28
Ge0.95Ti0.05,Ho2O3,122,1.9865,9.6,223.45,1.13E-06,731.68,1.2,1423,29
Ge0.95Ti0.05,Er2O3,122,1.9865,9.6,223.45,1.13E-06,740.88,1.2,1423,32
Ge0.95Ti0.05,Tm2O3,122,1.9865,9.6,223.45,1.13E-06,760.08,1.2,1423,27
Ge0.95Ti0.05,Yb2O3,122,1.9865,9.6,223.45,1.13E-06,469.68,1.2,1423,22
Ge0.95Ti0.05,Lu2O3,122,1.9865,9.6,223.45,1.13E-06,807.28,1.2,1423,24
Ge0.95Ti0.05,Al2O3,122,1.9865,9.6,223.45,1.13E-06,406.268,3.2,1423,39
Cu,Al2O3,132,1.9,10,225,0,406.268,3.2,1423,129.1
Cu0.992Ti0.008,Al2O3,132.224,1.89712,9.936,224.752,1.80E-07,406.268,3.2,1423,87.4
Cu0.979Ti0.021,Al2O3,132.588,1.89244,9.832,224.349,4.73E-07,406.268,3.2,1423,68.4
Cu0.974Ti0.026,Al2O3,132.728,1.89064,9.792,224.194,5.86E-07,406.268,3.2,1423,49.1
Cu0.95Ti0.05,Al2O3,133.4,1.882,9.6,223.45,1.13E-06,406.268,3.2,1423,20.4
Cu0.941Ti0.059,Al2O3,133.652,1.87876,9.528,223.171,1.33E-06,406.268,3.2,1423,9.5
Cu0.924Ti0.076,Al2O3,134.128,1.87264,9.392,222.644,1.71E-06,406.268,3.2,1423,3.5
Cu0.898Ti0.102,Al2O3,134.856,1.86328,9.184,221.838,2.30E-06,406.268,3.2,1423,2.8
Cu,Y2O3,132,1.9,10,225,0,752.48,1.2,1423,141.1
Cu0.954Ti0.046,Y2O3,133.288,1.88344,9.632,223.574,1.04E-06,752.48,1.2,1423,112.6
Cu0.897Ti0.103,Y2O3,134.884,1.86292,9.176,221.807,2.32E-06,752.48,1.2,1423,80.7
Cu0.826Ti0.174,Y2O3,136.872,1.83736,8.608,219.606,3.92E-06,752.48,1.2,1423,71.6
Cu0.748Ti0.252,Y2O3,139.056,1.80928,7.984,217.188,5.68E-06,752.48,1.2,1423,61.1
Cu0.631Ti0.369,Y2O3,142.332,1.76716,7.048,213.561,8.31E-06,752.48,1.2,1423,55.8
Cu0.566Ti0.434,Y2O3,144.152,1.74376,6.528,211.546,9.78E-06,752.48,1.2,1423,55.8
Cu0.511Ti0.489,Y2O3,145.692,1.72396,6.088,209.841,1.10E-05,752.48,1.2,1423,55.1
Cu0.406Ti0.594,Y2O3,148.632,1.68616,5.248,206.586,1.34E-05,752.48,1.2,1423,54.4
Cu,Er2O3,132,1.9,10,225,0,740.88,1.2,1423,144.6
Cu0.963Ti0.037,Er2O3,133.036,1.88668,9.704,223.853,8.34E-07,740.88,1.2,1423,118.9
Cu0.903Ti0.097,Er2O3,134.716,1.86508,9.224,221.993,2.19E-06,740.88,1.2,1423,91.6
Cu0.848Ti0.152,Er2O3,136.256,1.84528,8.784,220.288,3.43E-06,740.88,1.2,1423,81.4
Cu0.733Ti0.267,Er2O3,139.476,1.80388,7.864,216.723,6.02E-06,740.88,1.2,1423,68.8
Cu0.663Ti0.337,Er2O3,141.436,1.77868,7.304,214.553,7.59E-06,740.88,1.2,1423,64.6
Cu0.577Ti0.423,Er2O3,143.844,1.74772,6.616,211.887,9.53E-06,740.88,1.2,1423,63.2
Cu0.496Ti0.504,Er2O3,146.112,1.71856,5.968,209.376,1.14E-05,740.88,1.2,1423,62.5
Cu0.412Ti0.588,Er2O3,148.464,1.68832,5.296,206.772,1.32E-05,740.88,1.2,1423,62.1
Cu,Y2O3,132,1.9,10,225,0,752.48,1.2,1423,137
Cu0.877Ge0.123,Y2O3,130.524,1.91353,10,225,0,752.48,1.2,1423,110
Cu0.843Ge0.157,Y2O3,130.116,1.91727,10,225,0,752.48,1.2,1423,90
Cu0.726Ge0.274,Y2O3,128.712,1.93014,10,225,0,752.48,1.2,1423,79
Cu0.647Ge0.353,Y2O3,127.764,1.93883,10,225,0,752.48,1.2,1423,77
Cu0.563Ge0.437,Y2O3,126.756,1.94807,10,225,0,752.48,1.2,1423,68
Cu0.491Ge0.509,Y2O3,125.892,1.95599,10,225,0,752.48,1.2,1423,62
Cu0.258Ge0.742,Y2O3,123.096,1.98162,10,225,0,752.48,1.2,1423,56
Cu0.049Ge0.951,Y2O3,120.588,2.00461,10,225,0,752.48,1.2,1423,50
Ge,Y2O3,120,2.01,10,225,0,752.48,1.2,1423,48
Cu,Al2O3,132,1.9,10,225,0,406.268,3.2,1423,137
Cu0.825Ge0.175,Al2O3,129.9,1.91925,10,225,0,406.268,3.2,1423,132
Cu0.746Ge0.254,Al2O3,128.952,1.92794,10,225,0,406.268,3.2,1423,128
Cu0.724Ge0.276,Al2O3,128.688,1.93036,10,225,0,406.268,3.2,1423,125
Cu0.604Ge0.396,Al2O3,127.248,1.94356,10,225,0,406.268,3.2,1423,125
Cu0.542Ge0.458,Al2O3,126.504,1.95038,10,225,0,406.268,3.2,1423,124
Cu0.412Ge0.588,Al2O3,124.944,1.96468,10,225,0,406.268,3.2,1423,116
Cu0.201Ge0.799,Al2O3,122.412,1.98789,10,225,0,406.268,3.2,1423,115
Cu0.093Ge0.907,Al2O3,121.116,1.99977,10,225,0,406.268,3.2,1423,113
Sn,Al2O3,139,1.96,10,141,0,406.268,3.2,1423,122.6
Sn0.995Ti0.005,Al2O3,139.105,1.9579,9.96,141.265,1.13E-07,406.268,3.2,1423,97.6
Sn0.99Ti0.01,Al2O3,139.21,1.9558,9.92,141.53,2.25E-07,406.268,3.2,1423,62.9
Sn0.978Ti0.022,Al2O3,139.462,1.95076,9.824,142.166,4.96E-07,406.268,3.2,1423,47.2
Sn0.96Ti0.04,Al2O3,139.84,1.9432,9.68,143.12,9.01E-07,406.268,3.2,1423,42.6
Sn0.941Ti0.059,Al2O3,140.239,1.93522,9.528,144.127,1.33E-06,406.268,3.2,1423,40.5
Sn,Y2O3,139,1.96,10,141,0,752.48,1.2,1423,84.7
Sn0.995Ti0.005,Y2O3,139.105,1.9579,9.96,141.265,1.13E-07,752.48,1.2,1423,75.7
Sn0.988Ti0.012,Y2O3,139.252,1.95496,9.904,141.636,2.70E-07,752.48,1.2,1423,48
Sn0.98Ti0.02,Y2O3,139.42,1.9516,9.84,142.06,4.51E-07,752.48,1.2,1423,33.2
Sn0.967Ti0.033,Y2O3,139.693,1.94614,9.736,142.749,7.44E-07,752.48,1.2,1423,29.3
Sn0.953Ti0.047,Y2O3,139.987,1.94026,9.624,143.491,1.06E-06,752.48,1.2,1423,25.7
Sn0.942Ti0.058,Y2O3,140.218,1.93564,9.536,144.074,1.31E-06,752.48,1.2,1423,24.5
Sn,Er2O3,139,1.96,10,141,0,740.88,1.2,1423,81.6
Sn0.996Ti0.004,Er2O3,139.084,1.95832,9.968,141.212,9.01E-08,740.88,1.2,1423,72.2
Sn0.989Ti0.011,Er2O3,139.231,1.95538,9.912,141.583,2.48E-07,740.88,1.2,1423,52.2
Sn0.981Ti0.019,Er2O3,139.399,1.95202,9.848,142.007,4.28E-07,740.88,1.2,1423,40.1
Sn0.975Ti0.025,Er2O3,139.525,1.9495,9.8,142.325,5.63E-07,740.88,1.2,1423,33.6
Sn0.961Ti0.039,Er2O3,139.819,1.94362,9.688,143.067,8.79E-07,740.88,1.2,1423,24.8
Sn0.951Ti0.049,Er2O3,140.029,1.93942,9.608,143.597,1.10E-06,740.88,1.2,1423,24.3
Sn0.94Ti0.06,Er2O3,140.26,1.9348,9.52,144.18,1.35E-06,740.88,1.2,1423,23.1
Cu0.94Ti0.06,Si1O2,133.68,1.8784,9.52,223.14,1.35E-06,598.8666667,2.666666667,1423,27
Cu0.94Ti0.06,Al2O3,133.68,1.8784,9.52,223.14,1.35E-06,406.268,3.2,1423,21
Cu0.94Ti0.06,Ti2O3,133.68,1.8784,9.52,223.14,1.35E-06,809.28,1.2,1423,21
Cu0.94Ti0.06,Mg1O1,133.68,1.8784,9.52,223.14,1.35E-06,488.9,1,1423,26
Cu0.425Pd0.425Ti0.15,Al2O3,139.175,1.9735,8.8,220.35,3.38E-06,406.268,3.2,1423,34
Cu0.425Pd0.425Ti0.15,Si1O2,139.175,1.9735,8.8,220.35,3.38E-06,598.8666667,2.666666667,1423,36
Cu0.425Pd0.425Ti0.15,Al2O3,139.175,1.9735,8.8,220.35,3.38E-06,406.268,3.2,1423,31
Si,Al2O3,111,1.9,0,227,0,406.268,3.2,1703,80
Si,Si1O2,111,1.9,0,227,0,598.8666667,2.666666667,1703,92
Si,Y2O3,111,1.9,0,227,0,752.48,1.2,1703,63
Si,Al2O3,111,1.9,0,227,0,406.268,3.2,1723,95
Si,Zr1O2,111,1.9,0,227,0,745.8666667,1.333333333,1723,90
Si,Mg1O1,111,1.9,0,227,0,488.9,1,1723,101
Si,Be1O1,111,1.9,0,227,0,807.4,1,1723,88
Si,Al2O3,111,1.9,0,227,0,406.268,3.2,1723,100
Si,Zr1O2,111,1.9,0,227,0,745.8666667,1.333333333,1723,96
Si,Mg1O1,111,1.9,0,227,0,488.9,1,1723,95
Si,Be1O1,111,1.9,0,227,0,807.4,1,1723,76
Si,Ti1O2,111,1.9,0,227,0,683.5333333,1.333333333,1723,107
Ni,Zr1O2,124,1.91,8,225,0.5953947,745.8666667,1.333333333,1773,118
Ni,Al2O3,124,1.91,8,225,0.5953947,406.268,3.2,1773,128
Ni,Be1O1,124,1.91,8,225,0.5953947,807.4,1,1773,128
Ni,Mg1O1,124,1.91,8,225,0.5953947,488.9,1,1773,132
Ni,Ti1O2,124,1.91,8,225,0.5953947,683.5333333,1.333333333,1773,104
Ni,Zr1O2,124,1.91,8,225,0.5953947,745.8666667,1.333333333,1773,131
Ni,Th1O2,124,1.91,8,225,0.5953947,710.8666667,1.333333333,1773,132
Ni,Al2O3,124,1.91,8,225,0.5953947,406.268,3.2,1773,133
Ni,Be1O1,124,1.91,8,225,0.5953947,807.4,1,1773,152
Ni,Mg1O1,124,1.91,8,225,0.5953947,488.9,1,1773,152
Ni,Ti1O2,124,1.91,8,225,0.5953947,683.5333333,1.333333333,1773,143
Ni,Zr1O2,124,1.91,8,225,0.5953947,745.8666667,1.333333333,1773,120
Ni,Th1O2,124,1.91,8,225,0.5953947,710.8666667,1.333333333,1773,134
Ni,Al2O3,124,1.91,8,225,0.5953947,406.268,3.2,1773,141
Ni,Be1O1,124,1.91,8,225,0.5953947,807.4,1,1773,146
Ni,Ti1O2,124,1.91,8,225,0.5953947,683.5333333,1.333333333,1773,121
Ni,Al2O3,124,1.91,8,225,0.5953947,406.268,3.2,1755,112
Ni0.97Al0.03,Al2O3,123.91,1.901,7.76,225,0.577532859,406.268,3.2,1755,113
Ni0.92Al0.08,Al2O3,123.76,1.886,7.36,225,0.547763124,406.268,3.2,1755,134
Ni0.75Al0.25,Al2O3,123.25,1.835,6,225,0.446546025,406.268,3.2,1670,94
Ni,Al2O3,124,1.91,8,225,0.5953947,406.268,3.2,1773,108
Ni,Al2O3,124,1.91,8,225,0.5953947,406.268,3.2,1773,110
Ni,Al2O3,124,1.91,8,225,0.5953947,406.268,3.2,1853,107
Ni,Al2O3,124,1.91,8,225,0.5953947,406.268,3.2,1755,109
Ni,Al2O3,124,1.91,8,225,0.5953947,406.268,3.2,1750,112
Ni0.97Al0.03,Al2O3,123.91,1.901,7.76,225,0.577532859,406.268,3.2,1750,95
Ni0.75Al0.25,Al2O3,123.25,1.835,6,225,0.446546025,406.268,3.2,1750,83
Al,Al2O3,121,1.61,0,225,0,406.268,3.2,1750,65
Cu0.425Pd0.425Ti0.15,Al2O3,139.175,1.9735,8.8,220.35,3.38E-06,406.268,3.2,1423,128
Cu0.425Pd0.425Ti0.15,Ti2O3,139.175,1.9735,8.8,220.35,3.38E-06,809.28,1.2,1423,113
Cu0.425Pd0.425Ti0.15,Ti1O1.14,139.175,1.9735,8.8,220.35,3.38E-06,936.2018692,1.065420561,1423,82
Cu0.425Pd0.425Ti0.15,Ti1O0.86,139.175,1.9735,8.8,220.35,3.38E-06,1068.886022,0.924731183,1423,72
Ni0.5Pd0.5,Al2O3,131.5,2.055,9,225,0.29769735,406.268,3.2,1523,112.1
Ni0.49Pd0.491Ti0.019,Al2O3,132.049,2.04536,8.868,224.411,0.291743831,406.268,3.2,1523,103.9
Ni0.492Pd0.492Ti0.016,Al2O3,131.956,2.04676,8.888,224.504,0.292934553,406.268,3.2,1523,98.3
Ni0.486Pd0.486Ti0.028,Al2O3,132.298,2.04058,8.804,224.132,0.289362455,406.268,3.2,1523,94.9
Ni0.471Pd0.471Ti0.058,Al2O3,133.153,2.02513,8.594,223.202,0.280432211,406.268,3.2,1523,97
Ni0.464Pd0.465Ti0.071,Al2O3,133.531,2.01858,8.504,222.799,0.276264741,406.268,3.2,1523,96.1
Ni0.453Pd0.453Ti0.094,Al2O3,134.179,2.00659,8.342,222.086,0.269715917,406.268,3.2,1523,81.2
Ni0.442Pd0.442Ti0.116,Al2O3,134.806,1.99526,8.188,221.404,0.263167071,406.268,3.2,1523,76.1
Ni0.434Pd0.435Ti0.131,Al2O3,135.241,1.98768,8.084,220.939,0.258404252,406.268,3.2,1523,69.3
Ni0.424Pd0.425Ti0.151,Al2O3,135.811,1.97738,7.944,220.319,0.252450755,406.268,3.2,1523,72.3
Ni0.412Pd0.412Ti0.176,Al2O3,136.516,1.96436,7.768,219.544,0.245306582,406.268,3.2,1523,68.3
Ni0.4Pd0.4Ti0.2,Al2O3,137.2,1.952,7.6,218.8,0.238162387,406.268,3.2,1523,57.6
Ni0.384Pd0.385Ti0.231,Al2O3,138.091,1.93618,7.384,217.839,0.22863677,406.268,3.2,1523,50.5
Ni0.374Pd0.375Ti0.251,Al2O3,138.661,1.92588,7.244,217.219,0.222683274,406.268,3.2,1523,50.7
Ni,Al2O3,124,1.91,8,225,0.5953947,406.268,3.2,1773,111
Ni0.95Cr0.05,Al2O3,124.75,1.8975,7.85,225.2,0.565624965,406.268,3.2,1773,98
Ni0.9Cr0.1,Al2O3,125.5,1.885,7.7,225.4,0.53585523,406.268,3.2,1773,91
Ni0.85Cr0.15,Al2O3,126.25,1.8725,7.55,225.6,0.506085495,406.268,3.2,1773,89
Ni0.8Cr0.2,Al2O3,127,1.86,7.4,225.8,0.47631576,406.268,3.2,1773,89
Al,Al2O3,121,1.61,0,225,0,406.268,3.2,933,103
Au,Al2O3,136,2.54,10,225,0,406.268,3.2,1423,120
Co,Al2O3,126,1.88,7,194,1.5484712,406.268,3.2,1803,113
Ge,Al2O3,120,2.01,10,225,0,406.268,3.2,1423,104
Mn,Al2O3,139,1.55,5,217,0.000310121,406.268,3.2,1823,103
Pd,Al2O3,139,2.2,10,225,0,406.268,3.2,1873,120
Co,Al2O3,126,1.88,7,194,1.5484712,406.268,3.2,1793,115
Co,Co1O1,126,1.88,7,194,1.5484712,911.4,1,1773,70
Co,Zr1O2,126,1.88,7,194,1.5484712,745.8666667,1.333333333,1773,118
Fe,Al2O3,132,1.83,6,229,2.1106628,406.268,3.2,1848,111
Fe,Be1O1,132,1.83,6,229,2.1106628,807.4,1,1823,127
Fe,Ca1O1,132,1.83,6,229,2.1106628,584.9,1,1823,132
Fe,Cr2O3,132,1.83,6,229,2.1106628,904.88,1.2,1823,88
Fe,Mg1O1,132,1.83,6,229,2.1106628,488.9,1,1823,123
Fe,U1O2,132,1.83,6,229,2.1106628,505.8666667,1.333333333,1823,123
Fe,Zr1O2,132,1.83,6,229,2.1106628,745.8666667,1.333333333,1933,115
Ni,Al2O3,124,1.91,8,225,0.5953947,406.268,3.2,1808,111
Ni,Be1O1,124,1.91,8,225,0.5953947,807.4,1,1823,127
Ni,Ca1O1,124,1.91,8,225,0.5953947,584.9,1,1773,135
Ni,Co1O1,124,1.91,8,225,0.5953947,911.4,1,1773,58
Ni,Mg1O1,124,1.91,8,225,0.5953947,488.9,1,1823,132
Ni,Ni1O1,124,1.91,8,225,0.5953947,891.4,1,1773,60
Ni,Si1O2,124,1.91,8,225,0.5953947,598.8666667,2.666666667,1773,125
Ni,Ti1O2,124,1.91,8,225,0.5953947,683.5333333,1.333333333,1773,105
Ni,U1O2,124,1.91,8,225,0.5953947,505.8666667,1.333333333,1773,112
Ni,Zr1O2,124,1.91,8,225,0.5953947,745.8666667,1.333333333,1743,121
Ni,Al2O3,124,1.91,8,225,0.5953947,406.268,3.2,1823,108
Ni,Al2O3,124,1.91,8,225,0.5953947,406.268,3.2,1730,112
Sn,Co1O1,139,1.96,10,141,0,911.4,1,1173,0.1
Sn,Ni1O1,139,1.96,10,141,0,891.4,1,1273,26.7
Sn,Yb2O3,139,1.96,10,141,0,469.68,1.2,1423,79.6
Sn,Lu2O3,139,1.96,10,141,0,807.28,1.2,1423,88.1
Sn,Al2O3,139,1.96,10,141,0,406.268,3.2,1273,120
Sn,Mg1O1,139,1.96,10,141,0,488.9,1,505,121
Sn,Si1O2,139,1.96,10,141,0,598.8666667,2.666666667,505,124
Sn,Zr1O2,139,1.96,10,141,0,745.8666667,1.333333333,1073,135.5
Ni,Mg1O1,124,1.91,8,225,0.5953947,488.9,1,1773,132.4
Ni,Mg0.9Co0.1O1,124,1.91,8,225,0.5953947,531.15,1,1773,127.6
Ni,Mg0.7Co0.3O1,124,1.91,8,225,0.5953947,615.65,1,1773,124
Ni,Mg0.5Co0.5O1,124,1.91,8,225,0.5953947,700.15,1,1773,122
Ni,Mg0.3Co0.7O1,124,1.91,8,225,0.5953947,784.65,1,1773,112
Ni,Mg0.1Co0.9O1,124,1.91,8,225,0.5953947,869.15,1,1773,74.4
Ni,CuO2,124,1.91,8,225,0.5953947,489.1233333,1.333333333,1773,58
Sn,Ni1O1,139,1.96,10,141,0,891.4,1,1275,27
Ti,Mg1O1,160,1.54,2,194,2.25E-05,488.9,1,2000,0
Al,Si1O2,121,1.61,0,225,0,598.8666667,2.666666667,1073,90
Ga,Al2O3,122,1.81,10,64,0,406.268,3.2,305,129.8
Ga,Al2O3,122,1.81,10,64,0,406.268,3.2,438,127.8
Ga,Al2O3,122,1.81,10,64,0,406.268,3.2,583,126.4
Ga,Al2O3,122,1.81,10,64,0,406.268,3.2,773,124.3
Ga,Al2O3,122,1.81,10,64,0,406.268,3.2,973,121.6
Ga,Al2O3,122,1.81,10,64,0,406.268,3.2,1173,119.4
Ga,Si1O2,122,1.81,10,64,0,598.8666667,2.666666667,313,130.9
Ga,Si1O2,122,1.81,10,64,0,598.8666667,2.666666667,437,129.5
Ga,Si1O2,122,1.81,10,64,0,598.8666667,2.666666667,589,127.9
Ga,Si1O2,122,1.81,10,64,0,598.8666667,2.666666667,773,126
Ga,Si1O2,122,1.81,10,64,0,598.8666667,2.666666667,973,123.9
Ga,Si1O2,122,1.81,10,64,0,598.8666667,2.666666667,1173,121.9
Ga0.908Ni0.092,Si1O2,122.184,1.8192,9.816,78.812,0.054776312,598.8666667,2.666666667,866,137
Ga0.908Ni0.092,Si1O2,122.184,1.8192,9.816,78.812,0.054776312,598.8666667,2.666666667,971,136
Ga0.908Ni0.092,Si1O2,122.184,1.8192,9.816,78.812,0.054776312,598.8666667,2.666666667,1076,136
Ga0.908Ni0.092,Si1O2,122.184,1.8192,9.816,78.812,0.054776312,598.8666667,2.666666667,1169,135
Ga0.721Ag0.279,Si1O2,128.417,1.84348,10,108.919,0,598.8666667,2.666666667,874,135
Ga0.721Ag0.279,Si1O2,128.417,1.84348,10,108.919,0,598.8666667,2.666666667,974,132
Ga0.721Ag0.279,Si1O2,128.417,1.84348,10,108.919,0,598.8666667,2.666666667,1072,130
Ga0.721Ag0.279,Si1O2,128.417,1.84348,10,108.919,0,598.8666667,2.666666667,1171,126
Ga0.63Sn0.37,Si1O2,128.29,1.8655,10,92.49,0,598.8666667,2.666666667,582,130
Ga0.63Sn0.37,Si1O2,128.29,1.8655,10,92.49,0,598.8666667,2.666666667,785,127
Ga0.63Sn0.37,Si1O2,128.29,1.8655,10,92.49,0,598.8666667,2.666666667,989,123
Ga0.63Sn0.37,Si1O2,128.29,1.8655,10,92.49,0,598.8666667,2.666666667,1161,119
Ga0.353In0.647,Si1O2,134.94,1.79059,10,112.525,0,598.8666667,2.666666667,440,127
Ga0.353In0.647,Si1O2,134.94,1.79059,10,112.525,0,598.8666667,2.666666667,589,125
Ga0.353In0.647,Si1O2,134.94,1.79059,10,112.525,0,598.8666667,2.666666667,784,121
Ga0.353In0.647,Si1O2,134.94,1.79059,10,112.525,0,598.8666667,2.666666667,983,118
Ga0.353In0.647,Si1O2,134.94,1.79059,10,112.525,0,598.8666667,2.666666667,1187,116
Ga,Al2O3,122,1.81,10,64,0,406.268,3.2,1173,121
Ga0.985Cr0.015,Al2O3,122.255,1.80775,9.925,66.475,0,406.268,3.2,1173,119
Ga0.972Cr0.028,Al2O3,122.476,1.8058,9.86,68.62,0,406.268,3.2,1173,121
Ga0.961Cr0.039,Al2O3,122.663,1.80415,9.805,70.435,0,406.268,3.2,1173,118
Ga0.947Cr0.053,Al2O3,122.901,1.80205,9.735,72.745,0,406.268,3.2,1173,120
Ga0.939Cr0.061,Al2O3,123.037,1.80085,9.695,74.065,0,406.268,3.2,1173,118
Ga0.921Cr0.079,Al2O3,123.343,1.79815,9.605,77.035,0,406.268,3.2,1173,120
Ga0.917Cr0.083,Al2O3,123.411,1.79755,9.585,77.695,0,406.268,3.2,1173,117
Ga0.898Cr0.102,Al2O3,123.734,1.7947,9.49,80.83,0,406.268,3.2,1173,120
Ga,Al2O3,122,1.81,10,64,0,406.268,3.2,1323,117
Ga0.975Cr0.025,Al2O3,122.425,1.80625,9.875,68.125,0,406.268,3.2,1323,115
Ga0.944Cr0.056,Al2O3,122.952,1.8016,9.72,73.24,0,406.268,3.2,1323,114
Ga0.904Cr0.096,Al2O3,123.632,1.7956,9.52,79.84,0,406.268,3.2,1323,114
Ga0.884Cr0.116,Al2O3,123.972,1.7926,9.42,83.14,0,406.268,3.2,1323,114
Ga0.872Cr0.128,Al2O3,124.176,1.7908,9.36,85.12,0,406.268,3.2,1323,114
Ga0.851Cr0.149,Al2O3,124.533,1.78765,9.255,88.585,0,406.268,3.2,1323,112
Ga0.824Cr0.176,Al2O3,124.992,1.7836,9.12,93.04,0,406.268,3.2,1323,111
Ga0.808Cr0.192,Al2O3,125.264,1.7812,9.04,95.68,0,406.268,3.2,1323,111
Ga0.784Cr0.216,Al2O3,125.672,1.7776,8.92,99.64,0,406.268,3.2,1323,110
Ga0.995V0.005,Al2O3,122.155,1.8091,9.965,64.825,0,406.268,3.2,1173,109
Ga0.993V0.007,Al2O3,122.217,1.80874,9.951,65.155,0,406.268,3.2,1173,104
Ga0.99V0.01,Al2O3,122.31,1.8082,9.93,65.65,0,406.268,3.2,1173,103
Ga0.986V0.014,Al2O3,122.434,1.80748,9.902,66.31,0,406.268,3.2,1173,101
Ga0.982V0.018,Al2O3,122.558,1.80676,9.874,66.97,0,406.268,3.2,1173,97
Ga0.979V0.021,Al2O3,122.651,1.80622,9.853,67.465,0,406.268,3.2,1173,96
Ga0.996V0.004,Al2O3,122.124,1.80928,9.972,64.66,0,406.268,3.2,1323,106
Ga0.994V0.006,Al2O3,122.186,1.80892,9.958,64.99,0,406.268,3.2,1323,99
Ga0.993V0.007,Al2O3,122.217,1.80874,9.951,65.155,0,406.268,3.2,1323,97
Ga0.988V0.012,Al2O3,122.372,1.80784,9.916,65.98,0,406.268,3.2,1323,94
Ga0.983V0.017,Al2O3,122.527,1.80694,9.881,66.805,0,406.268,3.2,1323,92
Ga0.997Ti0.003,Al2O3,122.114,1.80919,9.976,64.39,6.76E-08,406.268,3.2,1173,98
Ga0.996Ti0.004,Al2O3,122.152,1.80892,9.968,64.52,9.01E-08,406.268,3.2,1173,93
Ga0.995Ti0.005,Al2O3,122.19,1.80865,9.96,64.65,1.13E-07,406.268,3.2,1173,91
Ga0.993Ti0.007,Al2O3,122.266,1.80811,9.944,64.91,1.58E-07,406.268,3.2,1173,87
Ga0.99Ti0.01,Al2O3,122.38,1.8073,9.92,65.3,2.25E-07,406.268,3.2,1173,80
Ga0.988Ti0.012,Al2O3,122.456,1.80676,9.904,65.56,2.70E-07,406.268,3.2,1173,78
Ga0.98Ti0.02,Al2O3,122.76,1.8046,9.84,66.6,4.51E-07,406.268,3.2,1173,77
Ga0.979Ti0.021,Al2O3,122.798,1.80433,9.832,66.73,4.73E-07,406.268,3.2,1173,74
Ga0.975Ti0.025,Al2O3,122.95,1.80325,9.8,67.25,5.63E-07,406.268,3.2,1173,74
Ga0.972Ti0.028,Al2O3,123.064,1.80244,9.776,67.64,6.31E-07,406.268,3.2,1173,76
Ga0.957Ti0.043,Al2O3,123.634,1.79839,9.656,69.59,9.69E-07,406.268,3.2,1173,75
Ga0.95Ti0.05,Al2O3,123.9,1.7965,9.6,70.5,1.13E-06,406.268,3.2,1173,74
Ga0.997Ti0.003,Al2O3,122.114,1.80919,9.976,64.39,6.76E-08,406.268,3.2,1323,83
Ga0.996Ti0.004,Al2O3,122.152,1.80892,9.968,64.52,9.01E-08,406.268,3.2,1323,74
Ga0.992Ti0.008,Al2O3,122.304,1.80784,9.936,65.04,1.80E-07,406.268,3.2,1323,72
Ga0.991Ti0.009,Al2O3,122.342,1.80757,9.928,65.17,2.03E-07,406.268,3.2,1323,70
Ga0.989Ti0.011,Al2O3,122.418,1.80703,9.912,65.43,2.48E-07,406.268,3.2,1323,65
Ga0.981Ti0.019,Al2O3,122.722,1.80487,9.848,66.47,4.28E-07,406.268,3.2,1323,63
Ga0.976Ti0.024,Al2O3,122.912,1.80352,9.808,67.12,5.41E-07,406.268,3.2,1323,62
Ga0.963Ti0.037,Al2O3,123.406,1.80001,9.704,68.81,8.34E-07,406.268,3.2,1323,56
Ga0.954Ti0.046,Al2O3,123.748,1.79758,9.632,69.98,1.04E-06,406.268,3.2,1323,63
Ga0.937Ti0.063,Al2O3,124.394,1.79299,9.496,72.19,1.42E-06,406.268,3.2,1323,58
Ga0.922Ti0.078,Al2O3,124.964,1.78894,9.376,74.14,1.76E-06,406.268,3.2,1323,62
Ga0.916Ti0.084,Al2O3,125.192,1.78732,9.328,74.92,1.89E-06,406.268,3.2,1323,56
Ga0.9Ti0.1,Al2O3,125.8,1.783,9.2,77,2.25E-06,406.268,3.2,1323,62
Ga0.89Ti0.11,Al2O3,126.18,1.7803,9.12,78.3,2.48E-06,406.268,3.2,1323,63
Ga0.885Ti0.115,Al2O3,126.37,1.77895,9.08,78.95,2.59E-06,406.268,3.2,1323,56
Ga,Si1O2,122,1.81,10,64,0,598.8666667,2.666666667,1173,123
Ga0.987Cr0.013,Si1O2,122.221,1.80805,9.935,66.145,0,598.8666667,2.666666667,1173,121
Ga0.978Cr0.022,Si1O2,122.374,1.8067,9.89,67.63,0,598.8666667,2.666666667,1173,122
Ga0.966Cr0.034,Si1O2,122.578,1.8049,9.83,69.61,0,598.8666667,2.666666667,1173,122
Ga0.94Cr0.06,Si1O2,123.02,1.801,9.7,73.9,0,598.8666667,2.666666667,1173,120
Ga0.931Cr0.069,Si1O2,123.173,1.79965,9.655,75.385,0,598.8666667,2.666666667,1173,120
Ga0.917Cr0.083,Si1O2,123.411,1.79755,9.585,77.695,0,598.8666667,2.666666667,1173,120
Ga0.904Cr0.096,Si1O2,123.632,1.7956,9.52,79.84,0,598.8666667,2.666666667,1173,121
Ga0.901Cr0.099,Si1O2,123.683,1.79515,9.505,80.335,0,598.8666667,2.666666667,1173,121
Ga,Si1O2,122,1.81,10,64,0,598.8666667,2.666666667,1323,120
Ga0.974Cr0.026,Si1O2,122.442,1.8061,9.87,68.29,0,598.8666667,2.666666667,1323,119
Ga0.953Cr0.047,Si1O2,122.799,1.80295,9.765,71.755,0,598.8666667,2.666666667,1323,118
Ga0.946Cr0.054,Si1O2,122.918,1.8019,9.73,72.91,0,598.8666667,2.666666667,1323,119
Ga0.909Cr0.091,Si1O2,123.547,1.79635,9.545,79.015,0,598.8666667,2.666666667,1323,117
Ga0.895Cr0.105,Si1O2,123.785,1.79425,9.475,81.325,0,598.8666667,2.666666667,1323,117
Ga0.88Cr0.12,Si1O2,124.04,1.792,9.4,83.8,0,598.8666667,2.666666667,1323,117
Ga0.835Cr0.165,Si1O2,124.805,1.78525,9.175,91.225,0,598.8666667,2.666666667,1323,116
Ga0.822Cr0.178,Si1O2,125.026,1.7833,9.11,93.37,0,598.8666667,2.666666667,1323,119
Ga0.784Cr0.216,Si1O2,125.672,1.7776,8.92,99.64,0,598.8666667,2.666666667,1323,118
Ga0.996V0.004,Si1O2,122.124,1.80928,9.972,64.66,0,598.8666667,2.666666667,1173,115
Ga0.993V0.007,Si1O2,122.217,1.80874,9.951,65.155,0,598.8666667,2.666666667,1173,116
Ga0.989V0.011,Si1O2,122.341,1.80802,9.923,65.815,0,598.8666667,2.666666667,1173,115
Ga0.983V0.017,Si1O2,122.527,1.80694,9.881,66.805,0,598.8666667,2.666666667,1173,114
Ga0.982V0.018,Si1O2,122.558,1.80676,9.874,66.97,0,598.8666667,2.666666667,1173,112
Ga0.996V0.004,Si1O2,122.124,1.80928,9.972,64.66,0,598.8666667,2.666666667,1323,114
Ga0.993V0.007,Si1O2,122.217,1.80874,9.951,65.155,0,598.8666667,2.666666667,1323,114
Ga0.988V0.012,Si1O2,122.372,1.80784,9.916,65.98,0,598.8666667,2.666666667,1323,114
Ga0.985V0.015,Si1O2,122.465,1.8073,9.895,66.475,0,598.8666667,2.666666667,1323,113
Ga0.98V0.02,Si1O2,122.62,1.8064,9.86,67.3,0,598.8666667,2.666666667,1323,114
Ga0.999Ti0.001,Si1O2,122.038,1.80973,9.992,64.13,2.25E-08,598.8666667,2.666666667,1173,97
Ga0.997Ti0.003,Si1O2,122.114,1.80919,9.976,64.39,6.76E-08,598.8666667,2.666666667,1173,90
Ga0.995Ti0.005,Si1O2,122.19,1.80865,9.96,64.65,1.13E-07,598.8666667,2.666666667,1173,88
Ga0.994Ti0.006,Si1O2,122.228,1.80838,9.952,64.78,1.35E-07,598.8666667,2.666666667,1173,84
Ga0.992Ti0.008,Si1O2,122.304,1.80784,9.936,65.04,1.80E-07,598.8666667,2.666666667,1173,75
Ga0.99Ti0.01,Si1O2,122.38,1.8073,9.92,65.3,2.25E-07,598.8666667,2.666666667,1173,68
Ga0.986Ti0.014,Si1O2,122.532,1.80622,9.888,65.82,3.15E-07,598.8666667,2.666666667,1173,64
Ga0.981Ti0.019,Si1O2,122.722,1.80487,9.848,66.47,4.28E-07,598.8666667,2.666666667,1173,62
Ga0.975Ti0.025,Si1O2,122.95,1.80325,9.8,67.25,5.63E-07,598.8666667,2.666666667,1173,61
Ga0.962Ti0.038,Si1O2,123.444,1.79974,9.696,68.94,8.56E-07,598.8666667,2.666666667,1173,58
Ga0.955Ti0.045,Si1O2,123.71,1.79785,9.64,69.85,1.01E-06,598.8666667,2.666666667,1173,58
Ga0.999Ti0.001,Si1O2,122.038,1.80973,9.992,64.13,2.25E-08,598.8666667,2.666666667,1323,89
Ga0.998Ti0.002,Si1O2,122.076,1.80946,9.984,64.26,4.51E-08,598.8666667,2.666666667,1323,77
Ga0.995Ti0.005,Si1O2,122.19,1.80865,9.96,64.65,1.13E-07,598.8666667,2.666666667,1323,67
Ga0.989Ti0.011,Si1O2,122.418,1.80703,9.912,65.43,2.48E-07,598.8666667,2.666666667,1323,62
Ga0.986Ti0.014,Si1O2,122.532,1.80622,9.888,65.82,3.15E-07,598.8666667,2.666666667,1323,62
Ga0.978Ti0.022,Si1O2,122.836,1.80406,9.824,66.86,4.96E-07,598.8666667,2.666666667,1323,59
Ga0.965Ti0.035,Si1O2,123.33,1.80055,9.72,68.55,7.89E-07,598.8666667,2.666666667,1323,57
Ga0.952Ti0.048,Si1O2,123.824,1.79704,9.616,70.24,1.08E-06,598.8666667,2.666666667,1323,55
Ga0.939Ti0.061,Si1O2,124.318,1.79353,9.512,71.93,1.37E-06,598.8666667,2.666666667,1323,56
Ga0.919Ti0.081,Si1O2,125.078,1.78813,9.352,74.53,1.83E-06,598.8666667,2.666666667,1323,55
Ga0.914Ti0.086,Si1O2,125.268,1.78678,9.312,75.18,1.94E-06,598.8666667,2.666666667,1323,54
Ga0.897Ti0.103,Si1O2,125.914,1.78219,9.176,77.39,2.32E-06,598.8666667,2.666666667,1323,55
Ga0.895Ti0.105,Si1O2,125.99,1.78165,9.16,77.65,2.37E-06,598.8666667,2.666666667,1323,53
Cu0.824Ga0.175Ti0.001,Al2O3,130.278,1.88389,9.992,196.794,2.25E-08,406.268,3.2,1323,131
Cu0.815Ga0.173Ti0.012,Al2O3,130.606,1.88011,9.904,196.775,2.70E-07,406.268,3.2,1323,98
Cu0.807Ga0.171Ti0.022,Al2O3,130.906,1.87669,9.824,196.787,4.96E-07,406.268,3.2,1323,88
Cu0.799Ga0.17Ti0.031,Al2O3,131.168,1.87354,9.752,196.669,6.99E-07,406.268,3.2,1323,79
Cu0.79Ga0.167Ti0.043,Al2O3,131.534,1.86949,9.656,196.78,9.69E-07,406.268,3.2,1323,66
Cu0.783Ga0.166Ti0.051,Al2O3,131.768,1.8667,9.592,196.693,1.15E-06,406.268,3.2,1323,57
Cu0.775Ga0.164Ti0.061,Al2O3,132.068,1.86328,9.512,196.705,1.37E-06,406.268,3.2,1323,50
Cu0.759Ga0.161Ti0.08,Al2O3,132.63,1.85671,9.36,196.599,1.80E-06,406.268,3.2,1323,46
Cu0.752Ga0.159Ti0.089,Al2O3,132.902,1.85365,9.288,196.642,2.01E-06,406.268,3.2,1323,40
Cu0.815Ga0.173Ti0.012,Si1O2,130.606,1.88011,9.904,196.775,2.70E-07,598.8666667,2.666666667,1323,109
Cu0.807Ga0.171Ti0.022,Si1O2,130.906,1.87669,9.824,196.787,4.96E-07,598.8666667,2.666666667,1323,56
Cu0.799Ga0.169Ti0.032,Si1O2,131.206,1.87327,9.744,196.799,7.21E-07,598.8666667,2.666666667,1323,36
Cu0.791Ga0.168Ti0.041,Si1O2,131.468,1.87012,9.672,196.681,9.24E-07,598.8666667,2.666666667,1323,27
Cu0.782Ga0.166Ti0.052,Si1O2,131.796,1.86634,9.584,196.662,1.17E-06,598.8666667,2.666666667,1323,22
Cu0.766Ga0.163Ti0.071,Si1O2,132.358,1.85977,9.432,196.556,1.60E-06,598.8666667,2.666666667,1323,19
Cu0.75Ga0.159Ti0.091,Si1O2,132.958,1.85293,9.272,196.58,2.05E-06,598.8666667,2.666666667,1323,17
Sn,Al2O3,139,1.96,10,141,0,406.268,3.2,873,140.7
Sn,Al2O3,139,1.96,10,141,0,406.268,3.2,973,140.2
Sn,Al2O3,139,1.96,10,141,0,406.268,3.2,1023,139
Sn,Al2O3,139,1.96,10,141,0,406.268,3.2,1073,115.7
Sn,Al2O3,139,1.96,10,141,0,406.268,3.2,1123,114.7
Sn,Al2O3,139,1.96,10,141,0,406.268,3.2,1173,114.4
Sn,Al2O3,139,1.96,10,141,0,406.268,3.2,1223,115.7
Sn,Al2O3,139,1.96,10,141,0,406.268,3.2,1273,115.9
Sn,Al2O3,139,1.96,10,141,0,406.268,3.2,1323,119.3
Sn,Al2O3,139,1.96,10,141,0,406.268,3.2,1373,122.5
Sn,Al2O3,139,1.96,10,141,0,406.268,3.2,1423,122.5
Sn,Al2O3,139,1.96,10,141,0,406.268,3.2,1473,122.6
Sn,Al2O3,139,1.96,10,141,0,406.268,3.2,1573,121.2
Cu,Al2O3,132,1.9,10,225,0,406.268,3.2,1423,135
Cu0.9Al0.1,Al2O3,130.9,1.871,9,225,0,406.268,3.2,1423,113.4
Cu0.8Al0.2,Al2O3,129.8,1.842,8,225,0,406.268,3.2,1423,100
Cu0.7Al0.3,Al2O3,128.7,1.813,7,225,0,406.268,3.2,1423,90.2
Cu0.6Al0.4,Al2O3,127.6,1.784,6,225,0,406.268,3.2,1423,84.8
Cu0.9Ti0.1,Al2O3,134.8,1.864,9.2,221.9,2.25E-06,406.268,3.2,1423,69.6
Cu0.8Ti0.2,Al2O3,137.6,1.828,8.4,218.8,4.51E-06,406.268,3.2,1423,29.5
Cu0.7Ti0.3,Al2O3,140.4,1.792,7.6,215.7,6.76E-06,406.268,3.2,1423,7.1
Cu0.6Ti0.4,Al2O3,143.2,1.756,6.8,212.6,9.01E-06,406.268,3.2,1423,5.4
Ga,Ca1F2,122,1.81,10,64,0,407.3333333,0.666666667,1173,120
In,Ca1F2,142,1.78,10,139,0,407.3333333,0.666666667,1173,130
Ge,Ca1F2,120,2.01,10,225,0,407.3333333,0.666666667,1423,110
Cu,Ca1F2,132,1.9,10,225,0,407.3333333,0.666666667,1423,110
Al,Ca1F2,121,1.61,0,225,0,407.3333333,0.666666667,1423,90
In,Ca1F2,142,1.78,10,139,0,407.3333333,0.666666667,1423,120
Ga,Ca1F2,122,1.81,10,64,0,407.3333333,0.666666667,1423,88
Ge,Ca1F2,120,2.01,10,225,0,407.3333333,0.666666667,1523,128
Al,Ca1F2,121,1.61,0,225,0,407.3333333,0.666666667,1523,126
Cu,Ca1F2,132,1.9,10,225,0,407.3333333,0.666666667,1523,127
In,Ca1F2,142,1.78,10,139,0,407.3333333,0.666666667,1123,130
Sn,Ca1F2,139,1.96,10,141,0,407.3333333,0.666666667,1173,125
Au,Ca1F2,136,2.54,10,225,0,407.3333333,0.666666667,1373,114
Ge,Ca1F2,120,2.01,10,225,0,407.3333333,0.666666667,1273,115
In0.98Ti0.02,Ca1F2,142.36,1.7752,9.84,140.1,4.51E-07,407.3333333,0.666666667,1123,30
Sn0.98Ti0.02,Ca1F2,139.42,1.9516,9.84,142.06,4.51E-07,407.3333333,0.666666667,1173,51
Ga0.98Ti0.02,Ca1F2,122.76,1.8046,9.84,66.6,4.51E-07,407.3333333,0.666666667,1173,58
Au0.98Ti0.02,Ca1F2,136.48,2.52,9.84,224.38,4.51E-07,407.3333333,0.666666667,1373,98
Ge0.98Ti0.02,Ca1F2,120.8,2.0006,9.84,224.38,4.51E-07,407.3333333,0.666666667,1273,98
Au0.95Ti0.05,Ca1F2,137.2,2.49,9.6,223.45,1.13E-06,407.3333333,0.666666667,1373,97
Ge0.96Ti0.04,Ca1F2,121.6,1.9912,9.68,223.76,9.01E-07,407.3333333,0.666666667,1373,99
Ga0.99Ti0.01,Ca1F2,122.38,1.8073,9.92,65.3,2.25E-07,407.3333333,0.666666667,1173,80
Ga0.97Ti0.03,Ca1F2,123.14,1.8019,9.76,67.9,6.76E-07,407.3333333,0.666666667,1173,61
Sn0.955Ti0.045,Ca1F2,139.945,1.9411,9.64,143.385,1.01E-06,407.3333333,0.666666667,1173,53
In0.995Ti0.005,Ca1F2,142.09,1.7788,9.96,139.275,1.13E-07,407.3333333,0.666666667,1123,40
In0.985Ti0.015,Ca1F2,142.27,1.7764,9.88,139.825,3.38E-07,407.3333333,0.666666667,1123,37
In0.97Ti0.03,Ca1F2,142.54,1.7728,9.76,140.65,6.76E-07,407.3333333,0.666666667,1123,29
Cu,Ca1F2,132,1.9,10,225,0,407.3333333,0.666666667,1423,112
Cu0.95Ti0.05,Ca1F2,133.4,1.882,9.6,223.45,1.13E-06,407.3333333,0.666666667,1423,109
Cu0.85Ti0.15,Ca1F2,136.2,1.846,8.8,220.35,3.38E-06,407.3333333,0.666666667,1423,110
Cu0.75Ti0.25,Ca1F2,139,1.81,8,217.25,5.63E-06,407.3333333,0.666666667,1423,110
Cu0.6Ti0.4,Ca1F2,143.2,1.756,6.8,212.6,9.01E-06,407.3333333,0.666666667,1423,113
Ga,Sr1F2,122,1.81,10,64,0,385.6666667,0.666666667,373,144.9
Ga,Sr1F2,122,1.81,10,64,0,385.6666667,0.666666667,473,140
Ga,Sr1F2,122,1.81,10,64,0,385.6666667,0.666666667,573,136.2
Ga,Sr1F2,122,1.81,10,64,0,385.6666667,0.666666667,673,133.2
Ga,Sr1F2,122,1.81,10,64,0,385.6666667,0.666666667,773,129
Ga,Sr1F2,122,1.81,10,64,0,385.6666667,0.666666667,873,126.3
Ga,Sr1F2,122,1.81,10,64,0,385.6666667,0.666666667,973,123.3
Ga,Sr1F2,122,1.81,10,64,0,385.6666667,0.666666667,1073,119.2
Ga,Sr1F2,122,1.81,10,64,0,385.6666667,0.666666667,1173,117
In,Sr1F2,142,1.78,10,139,0,385.6666667,0.666666667,473,157.8
In,Sr1F2,142,1.78,10,139,0,385.6666667,0.666666667,573,154.8
In,Sr1F2,142,1.78,10,139,0,385.6666667,0.666666667,673,149.9
In,Sr1F2,142,1.78,10,139,0,385.6666667,0.666666667,773,143.8
In,Sr1F2,142,1.78,10,139,0,385.6666667,0.666666667,873,140
In,Sr1F2,142,1.78,10,139,0,385.6666667,0.666666667,973,135.9
In,Sr1F2,142,1.78,10,139,0,385.6666667,0.666666667,1073,133.2
Sn,Sr1F2,139,1.96,10,141,0,385.6666667,0.666666667,523,156.2
Sn,Sr1F2,139,1.96,10,141,0,385.6666667,0.666666667,573,152.6
Sn,Sr1F2,139,1.96,10,141,0,385.6666667,0.666666667,673,145.8
Sn,Sr1F2,139,1.96,10,141,0,385.6666667,0.666666667,773,142.2
Sn,Sr1F2,139,1.96,10,141,0,385.6666667,0.666666667,873,135.1
Sn,Sr1F2,139,1.96,10,141,0,385.6666667,0.666666667,973,133.2
Sn,Sr1F2,139,1.96,10,141,0,385.6666667,0.666666667,1073,126
Sn,Sr1F2,139,1.96,10,141,0,385.6666667,0.666666667,1173,121.1
Sn,Sr1F2,139,1.96,10,141,0,385.6666667,0.666666667,1273,118.1
Sn,Sr1F2,139,1.96,10,141,0,385.6666667,0.666666667,1373,115.9
Sn,Sr1F2,139,1.96,10,141,0,385.6666667,0.666666667,1423,112.1
Pb,Sr1F2,146,2.33,10,225,0,385.6666667,0.666666667,623,134
Pb,Sr1F2,146,2.33,10,225,0,385.6666667,0.666666667,673,131.2
Pb,Sr1F2,146,2.33,10,225,0,385.6666667,0.666666667,773,127.9
Pb,Sr1F2,146,2.33,10,225,0,385.6666667,0.666666667,873,124.9
Pb,Sr1F2,146,2.33,10,225,0,385.6666667,0.666666667,973,122.5
Pb,Sr1F2,146,2.33,10,225,0,385.6666667,0.666666667,1073,117
Al,Sr1F2,121,1.61,0,225,0,385.6666667,0.666666667,973,121.9
Al,Sr1F2,121,1.61,0,225,0,385.6666667,0.666666667,1073,115.9
Al,Sr1F2,121,1.61,0,225,0,385.6666667,0.666666667,1173,109.9
Al,Sr1F2,121,1.61,0,225,0,385.6666667,0.666666667,1273,100.3
Ag,Sr1F2,145,1.93,10,225,0,385.6666667,0.666666667,1273,130.1
Ag,Sr1F2,145,1.93,10,225,0,385.6666667,0.666666667,1373,124.4
Ag,Sr1F2,145,1.93,10,225,0,385.6666667,0.666666667,1423,120.3
Au,Sr1F2,136,2.54,10,225,0,385.6666667,0.666666667,1373,132.9
Au,Sr1F2,136,2.54,10,225,0,385.6666667,0.666666667,1423,126.3
Cu,Sr1F2,132,1.9,10,225,0,385.6666667,0.666666667,1373,140
Cu,Sr1F2,132,1.9,10,225,0,385.6666667,0.666666667,1423,133.2
Cu,Sr1F2,132,1.9,10,225,0,385.6666667,0.666666667,1473,126
In,Ca1F2,142,1.78,10,139,0,407.3333333,0.666666667,973,138
In,Sr1F2,142,1.78,10,139,0,385.6666667,0.666666667,973,136.2
In,Ba1F2,142,1.78,10,139,0,369,0.666666667,973,132.2
In,Mg1F2,142,1.78,10,139,0,343.3333333,0.666666667,973,126.4
Cu,Ca1F2,132,1.9,10,225,0,407.3333333,0.666666667,1423,135
Cu,Sr1F2,132,1.9,10,225,0,385.6666667,0.666666667,1423,133.1
Cu,Ba1F2,132,1.9,10,225,0,369,0.666666667,1423,130.3
Cu,Mg1F2,132,1.9,10,225,0,343.3333333,0.666666667,1423,121.6
Au,Ca1F2,136,2.54,10,225,0,407.3333333,0.666666667,1423,128.2
Au,Sr1F2,136,2.54,10,225,0,385.6666667,0.666666667,1423,126.2
Au,Ba1F2,136,2.54,10,225,0,369,0.666666667,1423,120.5
Au,Mg1F2,136,2.54,10,225,0,343.3333333,0.666666667,1423,115.7
Ag,Ca1F2,145,1.93,10,225,0,407.3333333,0.666666667,1373,125.9
Ag,Sr1F2,145,1.93,10,225,0,385.6666667,0.666666667,1373,124.1
Ag,Ba1F2,145,1.93,10,225,0,369,0.666666667,1373,118.4
Ag,Mg1F2,145,1.93,10,225,0,343.3333333,0.666666667,1373,114.5
Ga,Ca1F2,122,1.81,10,64,0,407.3333333,0.666666667,1073,123
Ga,Sr1F2,122,1.81,10,64,0,385.6666667,0.666666667,1073,122.4
Ga,Ba1F2,122,1.81,10,64,0,369,0.666666667,1073,112.4
Ga,Mg1F2,122,1.81,10,64,0,343.3333333,0.666666667,1073,108.6
Pb,Ca1F2,146,2.33,10,225,0,407.3333333,0.666666667,973,122
Pb,Sr1F2,146,2.33,10,225,0,385.6666667,0.666666667,973,119.2
Pb,Ba1F2,146,2.33,10,225,0,369,0.666666667,973,116.3
Pb,Mg1F2,146,2.33,10,225,0,343.3333333,0.666666667,973,111.7
Sn,Ca1F2,139,1.96,10,141,0,407.3333333,0.666666667,1373,118
Sn,Sr1F2,139,1.96,10,141,0,385.6666667,0.666666667,1373,116.2
Sn,Ba1F2,139,1.96,10,141,0,369,0.666666667,1373,110.6
Sn,Mg1F2,139,1.96,10,141,0,343.3333333,0.666666667,1373,107.3
Al,Sr1F2,121,1.61,0,225,0,385.6666667,0.666666667,1273,100.3
Al,Ba1F2,121,1.61,0,225,0,369,0.666666667,1273,98.4
Al,Mg1F2,121,1.61,0,225,0,343.3333333,0.666666667,1273,95.6
Cu0.638Ti0.362,Mg1F2,142.136,1.76968,7.104,213.778,8.16E-06,343.3333333,0.666666667,1423,118
Cu0.244Ti0.756,Ba1F2,153.168,1.62784,3.952,201.564,1.70E-05,369,0.666666667,1473,123
Ni0.259Ti0.741,Ba1F2,150.676,1.63583,3.554,202.029,0.154223925,369,0.666666667,1473,111
Cu0.427Ti0.573,Sr1F2,148.044,1.69372,5.416,207.237,1.29E-05,385.6666667,0.666666667,1473,119
Cu0.589Zr0.411,Sr1F2,149.673,1.66573,6.712,212.259,0,385.6666667,0.666666667,1473,110
Ni0.259Ti0.741,Sr1F2,150.676,1.63583,3.554,202.029,0.154223925,385.6666667,0.666666667,1473,114
Ni0.4Zr0.6,Sr1F2,154.6,1.562,4.4,206.4,0.23815788,385.6666667,0.666666667,1523,119
Cu0.427Ti0.573,Ca1F2,148.044,1.69372,5.416,207.237,1.29E-05,407.3333333,0.666666667,1473,116
Cu0.589Zr0.411,Ca1F2,149.673,1.66573,6.712,212.259,0,407.3333333,0.666666667,1473,108
Ni0.259Ti0.741,Ca1F2,150.676,1.63583,3.554,202.029,0.154223925,407.3333333,0.666666667,1473,111
Ni0.4Zr0.6,Ca1F2,154.6,1.562,4.4,206.4,0.23815788,407.3333333,0.666666667,1523,124
Al,Ca1F2,121,1.61,0,225,0,407.3333333,0.666666667,973,131.3
Al,Ca1F2,121,1.61,0,225,0,407.3333333,0.666666667,1073,118.4
Al,Ca1F2,121,1.61,0,225,0,407.3333333,0.666666667,1173,111.3
Al,Ca1F2,121,1.61,0,225,0,407.3333333,0.666666667,1273,102.2
Al,Ca1F2,121,1.61,0,225,0,407.3333333,0.666666667,1373,101.2
Al,Ca1F2,121,1.61,0,225,0,407.3333333,0.666666667,1423,123.5
Al,Ca1F2,121,1.61,0,225,0,407.3333333,0.666666667,1523,133.6
Al,Sr1F2,121,1.61,0,225,0,385.6666667,0.666666667,973,122
Al,Sr1F2,121,1.61,0,225,0,385.6666667,0.666666667,1073,116.1
Al,Sr1F2,121,1.61,0,225,0,385.6666667,0.666666667,1173,108.6
Al,Sr1F2,121,1.61,0,225,0,385.6666667,0.666666667,1273,100.2
Al,Sr1F2,121,1.61,0,225,0,385.6666667,0.666666667,1373,98.7
Al,Sr1F2,121,1.61,0,225,0,385.6666667,0.666666667,1423,119.5
Al,Sr1F2,121,1.61,0,225,0,385.6666667,0.666666667,1523,130.4
Sn0.952Ti0.048,Ca1F2,140.008,1.93984,9.616,143.544,1.08E-06,407.3333333,0.666666667,973,65
Sn0.952Ti0.048,Ca1F2,140.008,1.93984,9.616,143.544,1.08E-06,407.3333333,0.666666667,1173,32
Sn0.952Ti0.048,Ca1F2,140.008,1.93984,9.616,143.544,1.08E-06,407.3333333,0.666666667,1273,28
Sn0.952Ti0.048,Ca1F2,140.008,1.93984,9.616,143.544,1.08E-06,407.3333333,0.666666667,1373,88
Sn0.952Ti0.048,Sr1F2,140.008,1.93984,9.616,143.544,1.08E-06,385.6666667,0.666666667,973,65
Sn0.952Ti0.048,Sr1F2,140.008,1.93984,9.616,143.544,1.08E-06,385.6666667,0.666666667,1173,32
Sn0.952Ti0.048,Sr1F2,140.008,1.93984,9.616,143.544,1.08E-06,385.6666667,0.666666667,1273,28
Sn0.952Ti0.048,Sr1F2,140.008,1.93984,9.616,143.544,1.08E-06,385.6666667,0.666666667,1373,88
Cu0.66Ti0.34,Ca1F2,141.52,1.7776,7.28,214.46,7.66E-06,407.3333333,0.666666667,1173,87.2
Cu0.66Ti0.34,Ca1F2,141.52,1.7776,7.28,214.46,7.66E-06,407.3333333,0.666666667,1223,82.4
Cu0.66Ti0.34,Ca1F2,141.52,1.7776,7.28,214.46,7.66E-06,407.3333333,0.666666667,1273,90.7
Cu0.66Ti0.34,Ca1F2,141.52,1.7776,7.28,214.46,7.66E-06,407.3333333,0.666666667,1323,108.7
Cu0.66Ti0.34,Ca1F2,141.52,1.7776,7.28,214.46,7.66E-06,407.3333333,0.666666667,1373,116.6
Cu0.66Ti0.34,Sr1F2,141.52,1.7776,7.28,214.46,7.66E-06,385.6666667,0.666666667,1173,82.7
Cu0.66Ti0.34,Sr1F2,141.52,1.7776,7.28,214.46,7.66E-06,385.6666667,0.666666667,1223,79.7
Cu0.66Ti0.34,Sr1F2,141.52,1.7776,7.28,214.46,7.66E-06,385.6666667,0.666666667,1273,88
Cu0.66Ti0.34,Sr1F2,141.52,1.7776,7.28,214.46,7.66E-06,385.6666667,0.666666667,1323,105.6
Cu0.66Ti0.34,Sr1F2,141.52,1.7776,7.28,214.46,7.66E-06,385.6666667,0.666666667,1373,113.4
Sn0.98Ti0.02,Mg1F2,139.42,1.9516,9.84,142.06,4.51E-07,343.3333333,0.666666667,973,56
Sn0.98Ti0.02,Mg1F2,139.42,1.9516,9.84,142.06,4.51E-07,343.3333333,0.666666667,1173,107
Sn0.98Ti0.02,Ba1F2,139.42,1.9516,9.84,142.06,4.51E-07,369,0.666666667,973,64
Sn0.98Ti0.02,Ba1F2,139.42,1.9516,9.84,142.06,4.51E-07,369,0.666666667,1173,31
Sn0.98Ti0.02,Ba1F2,139.42,1.9516,9.84,142.06,4.51E-07,369,0.666666667,1273,67
Sn0.98Ti0.02,Ca1F2,139.42,1.9516,9.84,142.06,4.51E-07,407.3333333,0.666666667,973,97
Sn0.98Ti0.02,Ca1F2,139.42,1.9516,9.84,142.06,4.51E-07,407.3333333,0.666666667,1173,67
Sn0.98Ti0.02,Ca1F2,139.42,1.9516,9.84,142.06,4.51E-07,407.3333333,0.666666667,1273,34
Sn0.98Ti0.02,Ca1F2,139.42,1.9516,9.84,142.06,4.51E-07,407.3333333,0.666666667,1373,92
Cu0.637Ti0.363,Mg1F2,142.164,1.76932,7.096,213.747,8.18E-06,343.3333333,0.666666667,1423,118
Ni0.752Hf0.248,Mg1F2,136.648,1.75872,6.512,217.312,0.447736814,343.3333333,0.666666667,1423,120
Cu0.737Hf0.263,Ba1F2,143.309,1.7422,7.896,216.847,0,369,0.666666667,1473,110
Cu0.43Ti0.57,Ca1F2,147.96,1.6948,5.44,207.33,1.28E-05,407.3333333,0.666666667,1423,119
Cu0.455Ti0.482Zr0.063,Ca1F2,148.205,1.69057,5.64,208.105,1.09E-05,407.3333333,0.666666667,1473,132
Cu,Al2O3,132,1.9,10,225,0,406.268,3.2,1423,132.4
Cu0.992Ti0.008,Al2O3,132.224,1.89712,9.936,224.752,1.80E-07,406.268,3.2,1423,91
Cu0.977Ti0.023,Al2O3,132.644,1.89172,9.816,224.287,5.18E-07,406.268,3.2,1423,51.3
Cu0.969Ti0.031,Al2O3,132.868,1.88884,9.752,224.039,6.99E-07,406.268,3.2,1423,40.7
Cu0.96Ti0.04,Al2O3,133.12,1.8856,9.68,223.76,9.01E-07,406.268,3.2,1423,32.3
Cu0.948Ti0.052,Al2O3,133.456,1.88128,9.584,223.388,1.17E-06,406.268,3.2,1423,27.3
Cu0.937Ti0.063,Al2O3,133.764,1.87732,9.496,223.047,1.42E-06,406.268,3.2,1423,22.8
Cu0.927Ti0.073,Al2O3,134.044,1.87372,9.416,222.737,1.64E-06,406.268,3.2,1423,17.2
Cu0.915Ti0.085,Al2O3,134.38,1.8694,9.32,222.365,1.92E-06,406.268,3.2,1423,13.8
Cu0.908Ti0.092,Al2O3,134.576,1.86688,9.264,222.148,2.07E-06,406.268,3.2,1423,11.6
Sn,Mg1F2,139,1.96,10,141,0,343.3333333,0.666666667,577,141
Sn,Mg1F2,139,1.96,10,141,0,343.3333333,0.666666667,674,136.4
Sn,Mg1F2,139,1.96,10,141,0,343.3333333,0.666666667,777,134.3
Sn,Mg1F2,139,1.96,10,141,0,343.3333333,0.666666667,880,128
Sn,Mg1F2,139,1.96,10,141,0,343.3333333,0.666666667,974,124.9
Sn,Mg1F2,139,1.96,10,141,0,343.3333333,0.666666667,1080,119.2
Sn,Mg1F2,139,1.96,10,141,0,343.3333333,0.666666667,1178,115.3
Sn,Mg1F2,139,1.96,10,141,0,343.3333333,0.666666667,1278,114.4
Sn,Mg1F2,139,1.96,10,141,0,343.3333333,0.666666667,1378,109.5
In,Mg1F2,142,1.78,10,139,0,343.3333333,0.666666667,473,148.3
In,Mg1F2,142,1.78,10,139,0,343.3333333,0.666666667,573,144.1
In,Mg1F2,142,1.78,10,139,0,343.3333333,0.666666667,673,143.4
In,Mg1F2,142,1.78,10,139,0,343.3333333,0.666666667,773,139.4
In,Mg1F2,142,1.78,10,139,0,343.3333333,0.666666667,873,130.1
In,Mg1F2,142,1.78,10,139,0,343.3333333,0.666666667,973,127.3
In,Mg1F2,142,1.78,10,139,0,343.3333333,0.666666667,1073,122.5
Ga,Mg1F2,122,1.81,10,64,0,343.3333333,0.666666667,373,131.7
Ga,Mg1F2,122,1.81,10,64,0,343.3333333,0.666666667,473,127.9
Ga,Mg1F2,122,1.81,10,64,0,343.3333333,0.666666667,573,126.8
Ga,Mg1F2,122,1.81,10,64,0,343.3333333,0.666666667,673,123
Ga,Mg1F2,122,1.81,10,64,0,343.3333333,0.666666667,773,120.9
Ga,Mg1F2,122,1.81,10,64,0,343.3333333,0.666666667,873,116.7
Ga,Mg1F2,122,1.81,10,64,0,343.3333333,0.666666667,973,116.2
Ga,Mg1F2,122,1.81,10,64,0,343.3333333,0.666666667,1073,112.2
Ga,Mg1F2,122,1.81,10,64,0,343.3333333,0.666666667,1173,110.3
Al,Mg1F2,121,1.61,0,225,0,343.3333333,0.666666667,973,111.5
Al,Mg1F2,121,1.61,0,225,0,343.3333333,0.666666667,1073,104.2
Al,Mg1F2,121,1.61,0,225,0,343.3333333,0.666666667,1173,103.1
Al,Mg1F2,121,1.61,0,225,0,343.3333333,0.666666667,1273,95.4
Cu,Mg1F2,132,1.9,10,225,0,343.3333333,0.666666667,1373,133.1
Cu,Mg1F2,132,1.9,10,225,0,343.3333333,0.666666667,1433,123.1
Au,Mg1F2,136,2.54,10,225,0,343.3333333,0.666666667,1383,122.5
Ag,Mg1F2,145,1.93,10,225,0,343.3333333,0.666666667,1283,120.7
Sn,Ba1F2,139,1.96,10,141,0,369,0.666666667,573,144.1
Sn,Ba1F2,139,1.96,10,141,0,369,0.666666667,673,139.8
Sn,Ba1F2,139,1.96,10,141,0,369,0.666666667,773,134.6
Sn,Ba1F2,139,1.96,10,141,0,369,0.666666667,873,132.1
Sn,Ba1F2,139,1.96,10,141,0,369,0.666666667,973,125.1
Sn,Ba1F2,139,1.96,10,141,0,369,0.666666667,1073,124
Sn,Ba1F2,139,1.96,10,141,0,369,0.666666667,1173,117.7
Sn,Ba1F2,139,1.96,10,141,0,369,0.666666667,1273,115.4
Sn,Ba1F2,139,1.96,10,141,0,369,0.666666667,1373,109.9
In,Ba1F2,142,1.78,10,139,0,369,0.666666667,473,150.3
In,Ba1F2,142,1.78,10,139,0,369,0.666666667,573,147.1
In,Ba1F2,142,1.78,10,139,0,369,0.666666667,673,144.8
In,Ba1F2,142,1.78,10,139,0,369,0.666666667,773,139.9
In,Ba1F2,142,1.78,10,139,0,369,0.666666667,873,138.1
In,Ba1F2,142,1.78,10,139,0,369,0.666666667,973,132.1
Ga,Ba1F2,122,1.81,10,64,0,369,0.666666667,373,139.9
Ga,Ba1F2,122,1.81,10,64,0,369,0.666666667,473,137.6
Ga,Ba1F2,122,1.81,10,64,0,369,0.666666667,573,134.7
Ga,Ba1F2,122,1.81,10,64,0,369,0.666666667,673,131
Ga,Ba1F2,122,1.81,10,64,0,369,0.666666667,773,126.1
Ga,Ba1F2,122,1.81,10,64,0,369,0.666666667,873,123.3
Ga,Ba1F2,122,1.81,10,64,0,369,0.666666667,973,120.4
Ga,Ba1F2,122,1.81,10,64,0,369,0.666666667,1073,118.3
Ga,Ba1F2,122,1.81,10,64,0,369,0.666666667,1173,115.2
Al,Ba1F2,121,1.61,0,225,0,369,0.666666667,973,117
Al,Ba1F2,121,1.61,0,225,0,369,0.666666667,1073,112.2
Al,Ba1F2,121,1.61,0,225,0,369,0.666666667,1173,105.2
Al,Ba1F2,121,1.61,0,225,0,369,0.666666667,1273,98
Cu,Ba1F2,132,1.9,10,225,0,369,0.666666667,1373,135.6
Cu,Ba1F2,132,1.9,10,225,0,369,0.666666667,1423,130.6
Au,Ba1F2,136,2.54,10,225,0,369,0.666666667,1373,129.6
Ag,Ba1F2,145,1.93,10,225,0,369,0.666666667,1273,129.2
Sn,Ca1F2,139,1.96,10,141,0,407.3333333,0.666666667,573,155
Sn,Ca1F2,139,1.96,10,141,0,407.3333333,0.666666667,673,147.2
Sn,Ca1F2,139,1.96,10,141,0,407.3333333,0.666666667,773,143
Sn,Ca1F2,139,1.96,10,141,0,407.3333333,0.666666667,873,138.9
Sn,Ca1F2,139,1.96,10,141,0,407.3333333,0.666666667,973,136.6
Sn,Ca1F2,139,1.96,10,141,0,407.3333333,0.666666667,1073,130.9
Sn,Ca1F2,139,1.96,10,141,0,407.3333333,0.666666667,1173,126
Sn,Ca1F2,139,1.96,10,141,0,407.3333333,0.666666667,1273,120.9
Sn,Ca1F2,139,1.96,10,141,0,407.3333333,0.666666667,1373,118.9
In,Ca1F2,142,1.78,10,139,0,407.3333333,0.666666667,473,158.9
In,Ca1F2,142,1.78,10,139,0,407.3333333,0.666666667,573,156.4
In,Ca1F2,142,1.78,10,139,0,407.3333333,0.666666667,673,152.3
In,Ca1F2,142,1.78,10,139,0,407.3333333,0.666666667,773,146.6
In,Ca1F2,142,1.78,10,139,0,407.3333333,0.666666667,873,141.5
In,Ca1F2,142,1.78,10,139,0,407.3333333,0.666666667,973,138.8
In,Ca1F2,142,1.78,10,139,0,407.3333333,0.666666667,1073,135.8
Ga,Ca1F2,122,1.81,10,64,0,407.3333333,0.666666667,373,147.1
Ga,Ca1F2,122,1.81,10,64,0,407.3333333,0.666666667,473,142
Ga,Ca1F2,122,1.81,10,64,0,407.3333333,0.666666667,573,141.2
Ga,Ca1F2,122,1.81,10,64,0,407.3333333,0.666666667,673,137.2
Ga,Ca1F2,122,1.81,10,64,0,407.3333333,0.666666667,773,135.7
Ga,Ca1F2,122,1.81,10,64,0,407.3333333,0.666666667,873,131.8
Ga,Ca1F2,122,1.81,10,64,0,407.3333333,0.666666667,973,126.9
Ga,Ca1F2,122,1.81,10,64,0,407.3333333,0.666666667,1073,122.8
Ga,Ca1F2,122,1.81,10,64,0,407.3333333,0.666666667,1173,121
Cu,Ca1F2,132,1.9,10,225,0,407.3333333,0.666666667,1373,141.2
Cu,Ca1F2,132,1.9,10,225,0,407.3333333,0.666666667,1433,135.8
Au,Ca1F2,136,2.54,10,225,0,407.3333333,0.666666667,1373,135.8
Ag,Ca1F2,145,1.93,10,225,0,407.3333333,0.666666667,1273,133.5
Al0.778Si0.124Mg0.098,Si1O2,121.72,1.61656,0,222.21,0,598.8666667,2.666666667,1473,85
Al0.778Si0.124Mg0.098,Si1O2,121.72,1.61656,0,222.21,0,598.8666667,2.666666667,1473,77
Al0.724Si0.124Mg0.152,Si1O2,122.8,1.60036,0,220.536,0,598.8666667,2.666666667,1473,73
Al0.724Si0.124Mg0.152,Si1O2,122.8,1.60036,0,220.536,0,598.8666667,2.666666667,1473,68
Al0.778Si0.124Mg0.098,Si1O2,121.72,1.61656,0,222.21,0,598.8666667,2.666666667,923,125.8
Al0.778Si0.124Mg0.098,Si1O2,121.72,1.61656,0,222.21,0,598.8666667,2.666666667,1023,125
Al0.778Si0.124Mg0.098,Si1O2,121.72,1.61656,0,222.21,0,598.8666667,2.666666667,1123,122
Al0.778Si0.124Mg0.098,Si1O2,121.72,1.61656,0,222.21,0,598.8666667,2.666666667,1223,119.7
Al0.778Si0.124Mg0.098,Si1O2,121.72,1.61656,0,222.21,0,598.8666667,2.666666667,1323,117.7
Al0.778Si0.124Mg0.098,Si1O2,121.72,1.61656,0,222.21,0,598.8666667,2.666666667,1373,99.2
Al0.778Si0.124Mg0.098,Si1O2,121.72,1.61656,0,222.21,0,598.8666667,2.666666667,923,125.7
Al0.778Si0.124Mg0.098,Si1O2,121.72,1.61656,0,222.21,0,598.8666667,2.666666667,1223,118.1
Al0.778Si0.124Mg0.098,Si1O2,121.72,1.61656,0,222.21,0,598.8666667,2.666666667,1323,116.6
Al0.778Si0.124Mg0.098,Si1O2,121.72,1.61656,0,222.21,0,598.8666667,2.666666667,1373,94.1
Al0.724Si0.124Mg0.152,Si1O2,122.8,1.60036,0,220.536,0,598.8666667,2.666666667,923,125.7
Al0.724Si0.124Mg0.152,Si1O2,122.8,1.60036,0,220.536,0,598.8666667,2.666666667,1023,122.2
Al0.724Si0.124Mg0.152,Si1O2,122.8,1.60036,0,220.536,0,598.8666667,2.666666667,1123,106.2
Al0.724Si0.124Mg0.152,Si1O2,122.8,1.60036,0,220.536,0,598.8666667,2.666666667,1223,100.1
Al0.724Si0.124Mg0.152,Si1O2,122.8,1.60036,0,220.536,0,598.8666667,2.666666667,1323,96.6
Al0.724Si0.124Mg0.152,Si1O2,122.8,1.60036,0,220.536,0,598.8666667,2.666666667,1373,89.2
Al0.724Si0.124Mg0.152,Si1O2,122.8,1.60036,0,220.536,0,598.8666667,2.666666667,1023,118.2
Al0.724Si0.124Mg0.152,Si1O2,122.8,1.60036,0,220.536,0,598.8666667,2.666666667,1123,101.9
Al0.724Si0.124Mg0.152,Si1O2,122.8,1.60036,0,220.536,0,598.8666667,2.666666667,1223,96.1
Al0.724Si0.124Mg0.152,Si1O2,122.8,1.60036,0,220.536,0,598.8666667,2.666666667,1323,91.1
Al0.724Si0.124Mg0.152,Si1O2,122.8,1.60036,0,220.536,0,598.8666667,2.666666667,1373,85
Fe,Al2O3Si1O2,132,1.83,6,229,2.1106628,478.4925,3,1873,77
Fe,Al2O3Si1O2,132,1.83,6,229,2.1106628,478.4925,3,1823,105
Fe,Al2O3Si1O2,132,1.83,6,229,2.1106628,478.4925,3,1823,79
Ag,Si1O2,145,1.93,10,225,0,598.8666667,2.666666667,1173,96
Ag0.49Cu0.49Ti0.02,Si1O2,138.93,1.9075,9.84,224.38,4.51E-07,598.8666667,2.666666667,1173,12
Ag0.47Cu0.49Ti0.04,Si1O2,139.23,1.8997,9.68,223.76,9.01E-07,598.8666667,2.666666667,1173,10
Ag0.432Cu0.49Ti0.078,Si1O2,139.8,1.88488,9.376,222.582,1.76E-06,598.8666667,2.666666667,1173,10
Ag0.47Cu0.49Ti0.04,Si1O2,139.23,1.8997,9.68,223.76,9.01E-07,598.8666667,2.666666667,1123,10
Ag0.47Cu0.49Ti0.04,Si1O2,139.23,1.8997,9.68,223.76,9.01E-07,598.8666667,2.666666667,1223,10
Cu,Si1O2,132,1.9,10,225,0,598.8666667,2.666666667,1473,117
Cu0.95Al0.05,Si1O2,131.45,1.8855,9.5,225,0,598.8666667,2.666666667,1473,117
Cu0.85Al0.15,Si1O2,130.35,1.8565,8.5,225,0,598.8666667,2.666666667,1473,116
Cu0.7Al0.3,Si1O2,128.7,1.813,7,225,0,598.8666667,2.666666667,1473,114
Cu0.5Al0.5,Si1O2,126.5,1.755,5,225,0,598.8666667,2.666666667,1473,95
Cu,Al2O3,132,1.9,10,225,0,406.268,3.2,1473,119.1
Cu0.95Al0.05,Al2O3,131.45,1.8855,9.5,225,0,406.268,3.2,1473,107.3
Cu0.85Al0.15,Al2O3,130.35,1.8565,8.5,225,0,406.268,3.2,1473,107.6
Cu0.7Al0.3,Al2O3,128.7,1.813,7,225,0,406.268,3.2,1473,113.9
Cu0.5Al0.5,Al2O3,126.5,1.755,5,225,0,406.268,3.2,1473,100.9
Cu,Al2O3,132,1.9,10,225,0,406.268,3.2,1473,115.7
Cu0.95Al0.05,Al2O3,131.45,1.8855,9.5,225,0,406.268,3.2,1473,108.9
Cu0.85Al0.15,Al2O3,130.35,1.8565,8.5,225,0,406.268,3.2,1473,108.3
Cu0.7Al0.3,Al2O3,128.7,1.813,7,225,0,406.268,3.2,1473,109.4
Cu0.5Al0.5,Al2O3,126.5,1.755,5,225,0,406.268,3.2,1473,99.1
Al,Si1O2,121,1.61,0,225,0,598.8666667,2.666666667,1073,94
Al,Si1O2,121,1.61,0,225,0,598.8666667,2.666666667,1173,96
Al,Si1O2,121,1.61,0,225,0,598.8666667,2.666666667,1273,88
Al,Si1O2,121,1.61,0,225,0,598.8666667,2.666666667,1323,64
Al,Si1O2,121,1.61,0,225,0,598.8666667,2.666666667,1373,56
Al,Si1O2,121,1.61,0,225,0,598.8666667,2.666666667,1423,47
Al,Si1O2,121,1.61,0,225,0,598.8666667,2.666666667,1473,45
Al,Si1O2,121,1.61,0,225,0,598.8666667,2.666666667,1523,37
Al,Si1O2,121,1.61,0,225,0,598.8666667,2.666666667,973,148
Al,Si1O2,121,1.61,0,225,0,598.8666667,2.666666667,973,112
Al,Si1O2,121,1.61,0,225,0,598.8666667,2.666666667,1023,140
Al,Si1O2,121,1.61,0,225,0,598.8666667,2.666666667,1073,88
Al,Si1O2,121,1.61,0,225,0,598.8666667,2.666666667,1073,67
Al,Si1O2,121,1.61,0,225,0,598.8666667,2.666666667,1073,106
Al,Si1O2,121,1.61,0,225,0,598.8666667,2.666666667,1123,95
Al,Si1O2,121,1.61,0,225,0,598.8666667,2.666666667,1123,68
Al,Si1O2,121,1.61,0,225,0,598.8666667,2.666666667,1173,70
Al,Si1O2,121,1.61,0,225,0,598.8666667,2.666666667,1173,93
Al,Si1O2,121,1.61,0,225,0,598.8666667,2.666666667,1223,76
Fe,Al2O3,132,1.83,6,229,2.1106628,406.268,3.2,1823,128
Fe,Al2O3,132,1.83,6,229,2.1106628,406.268,3.2,1823,124
Fe,Al2O3,132,1.83,6,229,2.1106628,406.268,3.2,1823,121
Fe,Al2O3,132,1.83,6,229,2.1106628,406.268,3.2,1823,68
Fe,Al2O3,132,1.83,6,229,2.1106628,406.268,3.2,1823,71
Fe,Al2O3,132,1.83,6,229,2.1106628,406.268,3.2,1833,114
Fe,Al2O3Si1O2,132,1.83,6,229,2.1106628,478.4925,3,1873,78
Ni,Al2O3,124,1.91,8,225,0.5953947,406.268,3.2,1773,119.8
Ni,Al2O3,124,1.91,8,225,0.5953947,406.268,3.2,1773,114
Ni,Al2O3,124,1.91,8,225,0.5953947,406.268,3.2,1773,111.4
Ni,Al2O3,124,1.91,8,225,0.5953947,406.268,3.2,1773,105.7
Ni0.983Al0.017,Al2O3,123.949,1.9049,7.864,225,0.58527299,406.268,3.2,1773,100.2
Ni0.971Al0.029,Al2O3,123.913,1.9013,7.768,225,0.578128254,406.268,3.2,1773,95.1
Ni0.749Al0.251,Al2O3,123.247,1.8347,5.992,225,0.44595063,406.268,3.2,1773,82.7
Ni0.632Al0.368,Al2O3,122.896,1.7996,5.056,225,0.37628945,406.268,3.2,1773,76
Ni0.603Al0.397,Al2O3,122.809,1.7909,4.824,225,0.359023004,406.268,3.2,1773,75.4
Ni0.505Al0.495,Al2O3,122.515,1.7615,4.04,225,0.300674324,406.268,3.2,1773,76.7
Ni0.081Al0.919,Al2O3,121.243,1.6343,0.648,225,0.048226971,406.268,3.2,1773,75.6
Ni0.053Al0.947,Al2O3,121.159,1.6259,0.424,225,0.031555919,406.268,3.2,1773,65.3
Al,Al2O3,121,1.61,0,225,0,406.268,3.2,1773,74
Al,Al2O3,121,1.61,0,225,0,406.268,3.2,1773,70.5
Al,Al2O3,121,1.61,0,225,0,406.268,3.2,1773,64.7
Al,Al2O3,121,1.61,0,225,0,406.268,3.2,1773,58.6
Fe0.704Cr0.202Ni0.094,Al2O3,132.662,1.80318,5.986,228.624,1.541873713,406.268,3.2,1748,137.9
Fe0.704Cr0.202Ni0.094,Al2O3,132.662,1.80318,5.986,228.624,1.541873713,406.268,3.2,1753,127.2
Fe0.704Cr0.202Ni0.094,Al2O3,132.662,1.80318,5.986,228.624,1.541873713,406.268,3.2,1763,120.4
Fe0.704Cr0.202Ni0.094,Al2O3,132.662,1.80318,5.986,228.624,1.541873713,406.268,3.2,1773,114.7
Fe0.704Cr0.202Ni0.094,Al2O3,132.662,1.80318,5.986,228.624,1.541873713,406.268,3.2,1783,107.1
Fe0.704Cr0.202Ni0.094,Al2O3,132.662,1.80318,5.986,228.624,1.541873713,406.268,3.2,1793,100.7
Fe0.704Cr0.202Ni0.094,Al2O3,132.662,1.80318,5.986,228.624,1.541873713,406.268,3.2,1803,100
Fe0.704Cr0.202Ni0.094,Al2O3,132.662,1.80318,5.986,228.624,1.541873713,406.268,3.2,1813,97.6
Fe0.704Cr0.202Ni0.094,Al2O3,132.662,1.80318,5.986,228.624,1.541873713,406.268,3.2,1823,94.8
Fe0.704Cr0.202Ni0.094,Al2O3,132.662,1.80318,5.986,228.624,1.541873713,406.268,3.2,1823,97
Fe0.704Cr0.202Ni0.094,Al2O3,132.662,1.80318,5.986,228.624,1.541873713,406.268,3.2,1823,100
Fe0.704Cr0.202Ni0.094,Al2O3,132.662,1.80318,5.986,228.624,1.541873713,406.268,3.2,1753,147
Fe0.704Cr0.202Ni0.094,Al2O3,132.662,1.80318,5.986,228.624,1.541873713,406.268,3.2,1753,103
Fe0.704Cr0.202Ni0.094,Al2O3,132.662,1.80318,5.986,228.624,1.541873713,406.268,3.2,1753,105
Fe,Mg0.5Al0.5O0.5N0.5,132,1.83,6,229,2.1106628,493.58,2.5,1823,129.7
Fe,Mg0.5Al0.5O0.5N0.5,132,1.83,6,229,2.1106628,493.58,2.5,1838,132.5
Fe,Mg0.5Al0.5O0.5N0.5,132,1.83,6,229,2.1106628,493.58,2.5,1848,130.4
Fe,Mg0.5Al0.5O0.5N0.5,132,1.83,6,229,2.1106628,493.58,2.5,1858,129.9
Fe,Mg0.5Al0.5O0.5N0.5,132,1.83,6,229,2.1106628,493.58,2.5,1873,129.5
Fe,Mg0.5Al0.5O0.5N0.5,132,1.83,6,229,2.1106628,493.58,2.5,1823,97
Fe,Mg0.5Al0.5O0.5N0.5,132,1.83,6,229,2.1106628,493.58,2.5,1823,78
Ni,Al2O3,124,1.91,8,225,0.5953947,406.268,3.2,1743,112
Ni0.9Cr0.1,Al2O3,125.5,1.885,7.7,225.4,0.53585523,406.268,3.2,1743,95
Ni0.78Cr0.22,Al2O3,127.3,1.855,7.34,225.88,0.464407866,406.268,3.2,1743,90
Ni0.81Fe0.19,Al2O3,125.52,1.8948,7.62,225.76,0.883295639,406.268,3.2,1743,112
Ni0.632Fe0.148Cr0.22,Al2O3,128.484,1.84316,7.044,226.472,0.688667545,406.268,3.2,1743,90
Ni0.55Pd0.45,Al2O3,130.75,2.0405,8.9,225,0.327467085,406.268,3.2,1523,112
Ni0.549Pd0.351Cr0.1,Al2O3,130.765,1.98679,8.402,225.4,0.32687169,406.268,3.2,1523,112
Ni0.545Pd0.45Cr0.005,Al2O3,130.825,2.03925,8.885,225.02,0.324490112,406.268,3.2,1523,108
Ni0.583Pd0.405Cr0.012,Al2O3,130.255,2.02445,8.774,225.048,0.34711511,406.268,3.2,1523,110
Ni0.499Pd0.448Cr0.053,Al2O3,131.515,2.02667,8.737,225.212,0.297101955,406.268,3.2,1523,107
Ni0.4Pd0.445Cr0.155,Al2O3,133,2.0003,8.425,225.62,0.23815788,406.268,3.2,1523,113
Ni,Al2O3,124,1.91,8,225,0.5953947,406.268,3.2,1773,113
Ni0.95Ti0.05,Al2O3,125.8,1.8915,7.7,223.45,0.565626092,406.268,3.2,1773,83
Ni0.936Ti0.064,Al2O3,126.304,1.88632,7.616,223.016,0.557290881,406.268,3.2,1773,72
Ni0.871Ti0.129,Al2O3,128.644,1.86227,7.226,221.001,0.518591691,406.268,3.2,1773,63
Ni0.852Ti0.148,Al2O3,129.328,1.85524,7.112,220.412,0.507279619,406.268,3.2,1773,61
Ni0.803Ti0.197,Al2O3,131.092,1.83711,6.818,218.893,0.478106383,406.268,3.2,1773,50
Ni0.74Ti0.26,Al2O3,133.36,1.8138,6.44,216.94,0.440597937,406.268,3.2,1773,40
Ni0.9Mo0.1,Al2O3,127,1.935,7.7,225.4,0.53585523,406.268,3.2,1773,108
Ni0.861Mo0.096Ti0.043,Al2O3,128.428,1.91809,7.454,224.051,0.512635806,406.268,3.2,1773,88
Ni0.81Mo0.09Ti0.1,Al2O3,130.3,1.8955,7.13,222.26,0.48227196,406.268,3.2,1773,68
Ni0.78Mo0.087Ti0.133,Al2O3,131.398,1.88254,6.941,221.225,0.464410863,406.268,3.2,1773,59
Ni0.72Mo0.08Ti0.2,Al2O3,133.6,1.856,6.56,219.12,0.428688691,406.268,3.2,1773,46
Ni0.675Mo0.075Ti0.25,Al2O3,135.25,1.83625,6.275,217.55,0.401897056,406.268,3.2,1773,37
Ni0.8Mo0.2,Al2O3,130,1.96,7.4,225.8,0.47631576,406.268,3.2,1773,111
Ni0.786Mo0.196Ti0.018,Al2O3,130.528,1.95234,7.304,225.226,0.46798064,406.268,3.2,1773,103
Ni0.758Mo0.19Ti0.052,Al2O3,131.572,1.93826,7.118,224.148,0.451310354,406.268,3.2,1773,92
Ni0.74Mo0.185Ti0.075,Al2O3,132.25,1.9285,6.995,223.415,0.440593768,406.268,3.2,1773,84
Ni0.717Mo0.179Ti0.104,Al2O3,133.114,1.91627,6.839,222.492,0.426900343,406.268,3.2,1773,74
Ni0.706Mo0.177Ti0.117,Al2O3,133.522,1.91096,6.767,222.081,0.420351295,406.268,3.2,1773,74
Ni0.672Mo0.168Ti0.16,Al2O3,134.8,1.8928,6.536,220.712,0.400108844,406.268,3.2,1773,62
Ni0.666Mo0.167Ti0.167,Al2O3,135.022,1.88996,6.497,220.491,0.396536633,406.268,3.2,1773,60
Ni0.633Mo0.158Ti0.209,Al2O3,136.264,1.87217,6.272,219.153,0.376889555,406.268,3.2,1773,49
Ni0.58Mo0.42,Al2O3,136.6,2.015,6.74,226.68,0.345328926,406.268,3.2,1773,110
Ni0.572Mo0.414Ti0.014,Al2O3,136.924,2.00832,6.674,226.222,0.340566084,406.268,3.2,1773,92
Ni0.552Mo0.399Ti0.049,Al2O3,137.734,1.99162,6.509,225.077,0.328658979,406.268,3.2,1773,72
Ni0.532Mo0.385Ti0.083,Al2O3,138.538,1.97554,6.347,223.967,0.316751851,406.268,3.2,1773,63
Ni0.521Mo0.377Ti0.102,Al2O3,138.982,1.96651,6.257,223.346,0.310202937,406.268,3.2,1773,59
Ni0.509Mo0.369Ti0.122,Al2O3,139.462,1.95711,6.161,222.694,0.303058651,406.268,3.2,1773,54
