Metal,Substrate,Me_MagpieData mean Column,Me_MagpieData mean CovalentRadius,Me_MagpieData mean NdValence,Me_MagpieData mean GSbandgap,Me_MagpieData mean GSmagmom,Me_MagpieData mean SpaceGroupNumber,Ce_MagpieData mean MeltingT,Ce_MagpieData mean NpUnfilled,Testing temperature (K),Wetting angle
Sn,Al2O3,14,139,10,0,0,141,406.268,3.2,1373,123
Sn0.96Al0.04,Al2O3,13.96,138.28,9.6,0,0,144.36,406.268,3.2,1373,114
Sn0.875Al0.125,Al2O3,13.875,136.75,8.75,0,0,151.5,406.268,3.2,1373,66
Sn0.86Al0.14,Al2O3,13.86,136.48,8.6,0,0,152.76,406.268,3.2,1373,73
Sn0.4Al0.6,Al2O3,13.4,128.2,4,0,0,191.4,406.268,3.2,1373,71
Sn0.1Al0.9,Al2O3,13.1,122.8,1,0,0,216.6,406.268,3.2,1373,79
Al,Al2O3,13,121,0,0,0,225,406.268,3.2,1273,73
Sn,Al2O3,14,139,10,0,0,141,406.268,3.2,1273,123
Sn0.9Al0.1,Al2O3,13.9,137.2,9,0,0,149.4,406.268,3.2,1273,109
Sn0.85Al0.15,Al2O3,13.85,136.3,8.5,0,0,153.6,406.268,3.2,1273,71
Sn0.7Al0.3,Al2O3,13.7,133.6,7,0,0,166.2,406.268,3.2,1273,66
Sn0.4Al0.6,Al2O3,13.4,128.2,4,0,0,191.4,406.268,3.2,1273,67
Sn0.1Al0.9,Al2O3,13.1,122.8,1,0,0,216.6,406.268,3.2,1273,70
Al,Al2O3,13,121,0,0,0,225,406.268,3.2,1373,81
Cu,Al2O3,11,132,10,0,0,225,406.268,3.2,1350,138
Cu0.905Ti0.095,Al2O3,10.335,134.66,9.24,0,2.14E-06,222.055,406.268,3.2,1350,30
Cu0.874Ti0.126,Al2O3,10.118,135.528,8.992,0,2.84E-06,221.094,406.268,3.2,1350,20
Cu0.874Ti0.126,Al2O3,10.118,135.528,8.992,0,2.84E-06,221.094,406.268,3.2,1350,38
Ni0.5Pd0.5,Al2O3,10,131.5,9,0,0.29769735,225,406.268,3.2,1523,113
Ni0.475Pd0.475Ti0.05,Al2O3,9.7,132.925,8.65,0,0.282813609,223.45,406.268,3.2,1523,97
Ni0.425Pd0.425Ti0.15,Al2O3,9.1,135.775,7.95,0,0.253046128,220.35,406.268,3.2,1523,70
Ni0.375Pd0.375Ti0.25,Al2O3,8.5,138.625,7.25,0,0.223278646,217.25,406.268,3.2,1523,50
Al,Al2O3,13,121,0,0,0,225,406.268,3.2,1173,103
Al,Si1O2,13,121,0,0,0,225,598.8666667,2.666666667,973,150
Al,Si1O2,13,121,0,0,0,225,598.8666667,2.666666667,1073,98
Al,Si1O2,13,121,0,0,0,225,598.8666667,2.666666667,1173,68
Al,Ca1O1,13,121,0,0,0,225,584.9,1,1173,100
Ag,Al2O3,11,145,10,0,0,225,406.268,3.2,1373,130
Al,Al2O3,13,121,0,0,0,225,406.268,3.2,1150,82
Au,Al2O3,11,136,10,0,0,225,406.268,3.2,1373,140
Au,Al2O3,11,136,10,0,0,225,406.268,3.2,1365,131
Cu,Al2O3,11,132,10,0,0,225,406.268,3.2,1423,128
Fe,Al2O3,8,132,6,0,2.1106628,229,406.268,3.2,1853,109
Fe,Al2O3,8,132,6,0,2.1106628,229,406.268,3.2,1873,130
Ga,Al2O3,13,122,10,0,0,64,406.268,3.2,1173,118
In,Al2O3,13,142,10,0,0,139,406.268,3.2,429,124
Ni,Al2O3,10,124,8,0,0.5953947,225,406.268,3.2,1773,109
Ni,Al2O3,10,124,8,0,0.5953947,225,406.268,3.2,1873,123
Pb,Al2O3,14,146,10,0,0,225,406.268,3.2,1173,117
Pb,Al2O3,14,146,10,0,0,225,406.268,3.2,1173,132
Sb,Al2O3,15,139,10,0,0,166,406.268,3.2,998,102
Si,Al2O3,14,111,0,0.773,0,227,406.268,3.2,1723,80
Sn,Al2O3,14,139,10,0,0,141,406.268,3.2,1373,125
Al0.98Ca0.02,Ca1O1,12.78,122.1,0,0,0,225,584.9,1,1173,92
Al0.9Mg0.1,Mg1O1,11.9,123,0,0,0,221.9,488.9,1,1173,102
Cu,Al2O3,11,132,10,0,0,225,406.268,3.2,1523,120
Cu0.975O0.025,Al2O3,11.125,130.35,9.75,0,0,219.675,406.268,3.2,1523,30
Cu0.9Ti0.1,Ti1O1,10.3,134.8,9.2,0,2.25E-06,221.9,997.9,1,1423,30
Cu,Al2O3,11,132,10,0,0,225,406.268,3.2,1373,128
Cu0.975Ti0.025,Al2O3,10.825,132.7,9.8,0,5.63E-07,224.225,406.268,3.2,1373,75
Cu0.95Ti0.05,Al2O3,10.65,133.4,9.6,0,1.13E-06,223.45,406.268,3.2,1373,44
Cu0.925Ti0.075,Al2O3,10.475,134.1,9.4,0,1.69E-06,222.675,406.268,3.2,1373,31
Cu0.9Ti0.1,Al2O3,10.3,134.8,9.2,0,2.25E-06,221.9,406.268,3.2,1373,27
Cu0.875Ti0.125,Al2O3,10.125,135.5,9,0,2.82E-06,221.125,406.268,3.2,1373,21
Cu0.75Ti0.25,Al2O3,9.25,139,8,0,5.63E-06,217.25,406.268,3.2,1273,33
Cu0.75Ti0.25,Al2O3,9.25,139,8,0,5.63E-06,217.25,406.268,3.2,1373,16
Cu0.75Ti0.25,Al2O3,9.25,139,8,0,5.63E-06,217.25,406.268,3.2,1473,10
Cu0.75Ti0.25,Al2O3,9.25,139,8,0,5.63E-06,217.25,406.268,3.2,1573,12
Al,Si1O2,13,121,0,0,0,225,598.8666667,2.666666667,1073,87.5
Al0.92Mg0.08,Si1O2,12.12,122.6,0,0,0,222.52,598.8666667,2.666666667,1073,76.5
Al0.8Mg0.2,Si1O2,10.8,125,0,0,0,218.8,598.8666667,2.666666667,1073,50
Al0.57Mg0.43,Si1O2,8.27,129.6,0,0,0,211.67,598.8666667,2.666666667,1073,18
Al0.31Mg0.69,Si1O2,5.41,134.8,0,0,0,203.61,598.8666667,2.666666667,1073,6.5
Mg,Si1O2,2,141,0,0,0,194,598.8666667,2.666666667,1073,4
Al0.57Mg0.43,Si1O2,8.27,129.6,0,0,0,211.67,598.8666667,2.666666667,1023,15
Al0.57Mg0.43,Si1O2,8.27,129.6,0,0,0,211.67,598.8666667,2.666666667,1123,32
Au,Al2O3,11,136,10,0,0,225,406.268,3.2,1423,137.5
Au0.99Ti0.01,Al2O3,10.93,136.24,9.92,0,2.25E-07,224.69,406.268,3.2,1423,97.2
Au0.98Ti0.02,Al2O3,10.86,136.48,9.84,0,4.51E-07,224.38,406.268,3.2,1423,85.8
Au0.97Ti0.03,Al2O3,10.79,136.72,9.76,0,6.76E-07,224.07,406.268,3.2,1423,78.3
Au0.94Ti0.06,Al2O3,10.58,137.44,9.52,0,1.35E-06,223.14,406.268,3.2,1423,69.2
Au0.92Ti0.08,Al2O3,10.44,137.92,9.36,0,1.80E-06,222.52,406.268,3.2,1423,68.1
Ga,Al2O3,13,122,10,0,0,64,406.268,3.2,1323,125.3
Ga0.996Ti0.004,Al2O3,12.964,122.152,9.968,0,9.01E-08,64.52,406.268,3.2,1323,74.3
Ga0.992Ti0.008,Al2O3,12.928,122.304,9.936,0,1.80E-07,65.04,406.268,3.2,1323,72.7
Ga0.991Ti0.009,Al2O3,12.919,122.342,9.928,0,2.03E-07,65.17,406.268,3.2,1323,69.4
Ga0.99Ti0.01,Al2O3,12.91,122.38,9.92,0,2.25E-07,65.3,406.268,3.2,1323,65.6
Ga0.978Ti0.022,Al2O3,12.802,122.836,9.824,0,4.96E-07,66.86,406.268,3.2,1323,63.1
Ga0.962Ti0.038,Al2O3,12.658,123.444,9.696,0,8.56E-07,68.94,406.268,3.2,1323,56.3
Ga0.957Ti0.043,Al2O3,12.613,123.634,9.656,0,9.69E-07,69.59,406.268,3.2,1323,64.8
Ga0.938Ti0.062,Al2O3,12.442,124.356,9.504,0,1.40E-06,72.06,406.268,3.2,1323,57
Ga0.92Ti0.08,Al2O3,12.28,125.04,9.36,0,1.80E-06,74.4,406.268,3.2,1323,64.2
Cu0.99Ti0.01,Mg1O1,10.93,132.28,9.92,0,2.25E-07,224.69,488.9,1,1423,95
Cu0.98Ti0.02,Mg1O1,10.86,132.56,9.84,0,4.51E-07,224.38,488.9,1,1423,61.9
Cu0.97Ti0.03,Mg1O1,10.79,132.84,9.76,0,6.76E-07,224.07,488.9,1,1423,44.4
Cu0.96Ti0.04,Mg1O1,10.72,133.12,9.68,0,9.01E-07,223.76,488.9,1,1423,37.5
Cu0.94Ti0.06,Mg1O1,10.58,133.68,9.52,0,1.35E-06,223.14,488.9,1,1423,28.1
Cu,Al2O3,11,132,10,0,0,225,406.268,3.2,1423,128.6
Cu0.99Ti0.01,Al2O3,10.93,132.28,9.92,0,2.25E-07,224.69,406.268,3.2,1423,88.9
Cu0.98Ti0.02,Al2O3,10.86,132.56,9.84,0,4.51E-07,224.38,406.268,3.2,1423,51.4
Cu0.96Ti0.04,Al2O3,10.72,133.12,9.68,0,9.01E-07,223.76,406.268,3.2,1423,33.1
Cu0.94Ti0.06,Al2O3,10.58,133.68,9.52,0,1.35E-06,223.14,406.268,3.2,1423,23.6
Cu0.92Ti0.08,Al2O3,10.44,134.24,9.36,0,1.80E-06,222.52,406.268,3.2,1423,16.9
Sn,Si1O2,14,139,10,0,0,141,598.8666667,2.666666667,1273,128.1
Sn0.99Ti0.01,Si1O2,13.9,139.21,9.92,0,2.25E-07,141.53,598.8666667,2.666666667,1273,48.3
Sn0.98Ti0.02,Si1O2,13.8,139.42,9.84,0,4.51E-07,142.06,598.8666667,2.666666667,1273,31.4
Sn0.97Ti0.03,Si1O2,13.7,139.63,9.76,0,6.76E-07,142.59,598.8666667,2.666666667,1273,19.4
Sn0.96Ti0.04,Si1O2,13.6,139.84,9.68,0,9.01E-07,143.12,598.8666667,2.666666667,1273,13.1
Sn0.94Ti0.06,Si1O2,13.4,140.26,9.52,0,1.35E-06,144.18,598.8666667,2.666666667,1273,6.4
Sn,Al2O3,14,139,10,0,0,141,406.268,3.2,1173,128.1
Sn0.995Sc0.005,Al2O3,13.945,139.155,9.955,0,3.18E-08,141.265,406.268,3.2,1173,71
Sn0.994Sc0.006,Al2O3,13.934,139.186,9.946,0,3.81E-08,141.318,406.268,3.2,1173,54.9
Sn0.993Sc0.007,Al2O3,13.923,139.217,9.937,0,4.45E-08,141.371,406.268,3.2,1173,49.9
Sn0.992Sc0.008,Al2O3,13.912,139.248,9.928,0,5.08E-08,141.424,406.268,3.2,1173,46.1
Sn0.982Sc0.018,Al2O3,13.802,139.558,9.838,0,1.14E-07,141.954,406.268,3.2,1173,35.8
Sn0.981Sc0.019,Al2O3,13.791,139.589,9.829,0,1.21E-07,142.007,406.268,3.2,1173,35.2
In,Al2O3,13,142,10,0,0,139,406.268,3.2,973,129.2
In0.992Sc0.008,Al2O3,12.92,142.224,9.928,0,5.08E-08,139.44,406.268,3.2,973,19.4
In0.986Sc0.014,Al2O3,12.86,142.392,9.874,0,8.89E-08,139.77,406.268,3.2,973,12.9
In0.984Sc0.016,Al2O3,12.84,142.448,9.856,0,1.02E-07,139.88,406.268,3.2,973,11.3
In0.979Sc0.021,Al2O3,12.79,142.588,9.811,0,1.33E-07,140.155,406.268,3.2,973,11.4
In0.973Sc0.027,Al2O3,12.73,142.756,9.757,0,1.71E-07,140.485,406.268,3.2,973,10.5
In0.952Sc0.048,Al2O3,12.52,143.344,9.568,0,3.05E-07,141.64,406.268,3.2,973,11.1
Cu,Al2O3,11,132,10,0,0,225,406.268,3.2,1423,161.4
Ag0.72Cu0.28,Ca1F2,11,141.36,10,0,0,225,407.3333333,0.666666667,1423,125.5
Bi,U1O2,15,148,10,0,0,12,505.8666667,1.333333333,1073,163.2
Sn,Al2O3,14,139,10,0,0,141,406.268,3.2,973,133
Sn,Al2O3,14,139,10,0,0,141,406.268,3.2,1073,127
Sn,Al2O3,14,139,10,0,0,141,406.268,3.2,1173,127
Sn,Al2O3,14,139,10,0,0,141,406.268,3.2,1273,127
Sn0.98Ti0.02,Al2O3,13.8,139.42,9.84,0,4.51E-07,142.06,406.268,3.2,973,92
Sn0.98Ti0.02,Al2O3,13.8,139.42,9.84,0,4.51E-07,142.06,406.268,3.2,1073,78
Sn0.98Ti0.02,Al2O3,13.8,139.42,9.84,0,4.51E-07,142.06,406.268,3.2,1173,77
Sn0.98Ti0.02,Al2O3,13.8,139.42,9.84,0,4.51E-07,142.06,406.268,3.2,1273,77
Sn0.95Ti0.05,Al2O3,13.5,140.05,9.6,0,1.13E-06,143.65,406.268,3.2,973,83
Sn0.95Ti0.05,Al2O3,13.5,140.05,9.6,0,1.13E-06,143.65,406.268,3.2,1073,59
Sn0.95Ti0.05,Al2O3,13.5,140.05,9.6,0,1.13E-06,143.65,406.268,3.2,1173,50
Sn0.95Ti0.05,Al2O3,13.5,140.05,9.6,0,1.13E-06,143.65,406.268,3.2,1273,49
Al,Ti1O2,13,121,0,0,0,225,683.5333333,1.333333333,973,148
Al,Ti1O2,13,121,0,0,0,225,683.5333333,1.333333333,1073,127
Al,Ti1O2,13,121,0,0,0,225,683.5333333,1.333333333,1173,91
Al,Ti1O2,13,121,0,0,0,225,683.5333333,1.333333333,1273,85
Fe,Al2O3,8,132,6,0,2.1106628,229,406.268,3.2,1823,132
Fe,Al2O3,8,132,6,0,2.1106628,229,406.268,3.2,1838,133
Fe,Al2O3,8,132,6,0,2.1106628,229,406.268,3.2,1848,134
Fe,Al2O3,8,132,6,0,2.1106628,229,406.268,3.2,1858,134
Fe,Al2O3,8,132,6,0,2.1106628,229,406.268,3.2,1873,132
Fe,Al2O3,8,132,6,0,2.1106628,229,406.268,3.2,1823,115
Fe0.84Cr0.16,Al2O3,7.68,133.12,5.84,0,1.772956752,229,406.268,3.2,1823,155
Fe0.84Cr0.16,Al2O3,7.68,133.12,5.84,0,1.772956752,229,406.268,3.2,1823,148
Fe0.68Cr0.32,Al2O3,7.36,134.24,5.68,0,1.435250704,229,406.268,3.2,1823,147
Fe0.68Cr0.32,Al2O3,7.36,134.24,5.68,0,1.435250704,229,406.268,3.2,1823,143
Fe0.68Cr0.32,Al2O3,7.36,134.24,5.68,0,1.435250704,229,406.268,3.2,1823,140
Fe,Al2O3,8,132,6,0,2.1106628,229,406.268,3.2,1823,119
Fe0.88Cr0.12,Al2O3,7.76,132.84,5.88,0,1.857383264,229,406.268,3.2,1823,118
Fe0.83Cr0.17,Al2O3,7.66,133.19,5.83,0,1.751850124,229,406.268,3.2,1823,117
Fe0.8Cr0.2,Al2O3,7.6,133.4,5.8,0,1.68853024,229,406.268,3.2,1823,110
Fe0.78Cr0.22,Al2O3,7.56,133.54,5.78,0,1.646316984,229,406.268,3.2,1823,114
Fe0.88Cr0.12,Mg1O1,7.76,132.84,5.88,0,1.857383264,229,488.9,1,1823,102
Fe0.83Cr0.17,Mg1O1,7.66,133.19,5.83,0,1.751850124,229,488.9,1,1823,114
Fe0.8Cr0.2,Mg1O1,7.6,133.4,5.8,0,1.68853024,229,488.9,1,1823,102
Fe0.78Cr0.22,Mg1O1,7.56,133.54,5.78,0,1.646316984,229,488.9,1,1823,102
Ag,Al2O3,11,145,10,0,0,225,406.268,3.2,1373,121
Ag,Al2O3,11,145,10,0,0,225,406.268,3.2,1373,118
Ag,Al2O3,11,145,10,0,0,225,406.268,3.2,1373,110
Ag,Al2O3,11,145,10,0,0,225,406.268,3.2,1373,99
Ag,Al2O3,11,145,10,0,0,225,406.268,3.2,1373,94
Ag,Al2O3,11,145,10,0,0,225,406.268,3.2,1373,90
Ag,Al2O3,11,145,10,0,0,225,406.268,3.2,1373,91
Ag,Al2O3,11,145,10,0,0,225,406.268,3.2,1373,85
Ag,Al2O3,11,145,10,0,0,225,406.268,3.2,1373,79
Ag,Al2O3,11,145,10,0,0,225,406.268,3.2,1373,129
Ag,Al2O3,11,145,10,0,0,225,406.268,3.2,1373,120
Ag,Al2O3,11,145,10,0,0,225,406.268,3.2,1373,112
Ag,Al2O3,11,145,10,0,0,225,406.268,3.2,1373,86
Ag,Al2O3,11,145,10,0,0,225,406.268,3.2,1381,130
Ag,Al2O3,11,145,10,0,0,225,406.268,3.2,1381,110
Ag,Al2O3,11,145,10,0,0,225,406.268,3.2,1381,96
Ag,Al2O3,11,145,10,0,0,225,406.268,3.2,1381,92
Ag,Al2O3,11,145,10,0,0,225,406.268,3.2,1381,86
Ag,Al2O3,11,145,10,0,0,225,406.268,3.2,1381,82.5
Cu,Y2O3,11,132,10,0,0,225,752.48,1.2,1423,145
Ag,Y2O3,11,145,10,0,0,225,752.48,1.2,1423,141
Au,Y2O3,11,136,10,0,0,225,752.48,1.2,1423,134
Sn,Y2O3,14,139,10,0,0,141,752.48,1.2,1423,84
Ge,Y2O3,14,120,10,0.383,0,225,752.48,1.2,1423,47
Cu,Gd2O3,11,132,10,0,0,225,667.28,1.2,1423,129
Ag,Gd2O3,11,145,10,0,0,225,667.28,1.2,1423,128
Au,Gd2O3,11,136,10,0,0,225,667.28,1.2,1423,127
Sn,Gd2O3,14,139,10,0,0,141,667.28,1.2,1423,81
Ge,Gd2O3,14,120,10,0.383,0,225,667.28,1.2,1423,43
Cu,Tb2O3,11,132,10,0,0,225,684.48,1.2,1423,148
Ag,Tb2O3,11,145,10,0,0,225,684.48,1.2,1423,137
Au,Tb2O3,11,136,10,0,0,225,684.48,1.2,1423,130
Sn,Tb2O3,14,139,10,0,0,141,684.48,1.2,1423,75
Ge,Tb2O3,14,120,10,0.383,0,225,684.48,1.2,1423,41
Cu,Dy2O3,11,132,10,0,0,225,706.88,1.2,1423,147
Ag,Dy2O3,11,145,10,0,0,225,706.88,1.2,1423,137
Au,Dy2O3,11,136,10,0,0,225,706.88,1.2,1423,132
Sn,Dy2O3,14,139,10,0,0,141,706.88,1.2,1423,85
Ge,Dy2O3,14,120,10,0.383,0,225,706.88,1.2,1423,46
Cu,Ho2O3,11,132,10,0,0,225,731.68,1.2,1423,149
Ag,Ho2O3,11,145,10,0,0,225,731.68,1.2,1423,145
Au,Ho2O3,11,136,10,0,0,225,731.68,1.2,1423,144
Sn,Ho2O3,14,139,10,0,0,141,731.68,1.2,1423,96
Ge,Ho2O3,14,120,10,0.383,0,225,731.68,1.2,1423,57
Cu,Er2O3,11,132,10,0,0,225,740.88,1.2,1423,152
Ag,Er2O3,11,145,10,0,0,225,740.88,1.2,1423,145
Au,Er2O3,11,136,10,0,0,225,740.88,1.2,1423,140
Sn,Er2O3,14,139,10,0,0,141,740.88,1.2,1423,88
Ge,Er2O3,14,120,10,0.383,0,225,740.88,1.2,1423,53
Cu,Tm2O3,11,132,10,0,0,225,760.08,1.2,1423,148
Ag,Tm2O3,11,145,10,0,0,225,760.08,1.2,1423,144
Au,Tm2O3,11,136,10,0,0,225,760.08,1.2,1423,127
Sn,Tm2O3,14,139,10,0,0,141,760.08,1.2,1423,81
Ge,Tm2O3,14,120,10,0.383,0,225,760.08,1.2,1423,46
Cu,Yb2O3,11,132,10,0,0,225,469.68,1.2,1423,125
Ag,Yb2O3,11,145,10,0,0,225,469.68,1.2,1423,116
Au,Yb2O3,11,136,10,0,0,225,469.68,1.2,1423,113
Sn,Yb2O3,14,139,10,0,0,141,469.68,1.2,1423,81
Ge,Yb2O3,14,120,10,0.383,0,225,469.68,1.2,1423,51
Cu,Lu2O3,11,132,10,0,0,225,807.28,1.2,1423,149
Ag,Lu2O3,11,145,10,0,0,225,807.28,1.2,1423,147
Au,Lu2O3,11,136,10,0,0,225,807.28,1.2,1423,140
Sn,Lu2O3,14,139,10,0,0,141,807.28,1.2,1423,92
Ge,Lu2O3,14,120,10,0.383,0,225,807.28,1.2,1423,81
Cu,Al2O3,11,132,10,0,0,225,406.268,3.2,1423,134
Ag,Al2O3,11,145,10,0,0,225,406.268,3.2,1423,130
Au,Al2O3,11,136,10,0,0,225,406.268,3.2,1423,126
Sn,Al2O3,14,139,10,0,0,141,406.268,3.2,1423,124
Ge,Al2O3,14,120,10,0.383,0,225,406.268,3.2,1423,110
Ag0.96Ti0.04,Y2O3,10.72,145.6,9.68,0,9.01E-07,223.76,752.48,1.2,1423,71
Ag0.96Ti0.04,Er2O3,10.72,145.6,9.68,0,9.01E-07,223.76,740.88,1.2,1423,71
Ag0.96Ti0.04,Al2O3,10.72,145.6,9.68,0,9.01E-07,223.76,406.268,3.2,1423,67
Au0.92Ti0.08,Y2O3,10.44,137.92,9.36,0,1.80E-06,222.52,752.48,1.2,1423,65
Au0.92Ti0.08,Cd2O3,10.44,137.92,9.36,0,1.80E-06,222.52,270.568,1.2,1423,59
Au0.92Ti0.08,Er2O3,10.44,137.92,9.36,0,1.80E-06,222.52,740.88,1.2,1423,67
Au0.92Ti0.08,Tm2O3,10.44,137.92,9.36,0,1.80E-06,222.52,760.08,1.2,1423,67
Au0.92Ti0.08,Yb2O3,10.44,137.92,9.36,0,1.80E-06,222.52,469.68,1.2,1423,54
Au0.92Ti0.08,Lu2O3,10.44,137.92,9.36,0,1.80E-06,222.52,807.28,1.2,1423,63
Au0.92Ti0.08,Al2O3,10.44,137.92,9.36,0,1.80E-06,222.52,406.268,3.2,1423,62
Cu0.43Ti0.57,Y2O3,7.01,147.96,5.44,0,1.28E-05,207.33,752.48,1.2,1423,57
Cu0.43Ti0.57,Cd2O3,7.01,147.96,5.44,0,1.28E-05,207.33,270.568,1.2,1423,49
Cu0.43Ti0.57,Tb2O3,7.01,147.96,5.44,0,1.28E-05,207.33,684.48,1.2,1423,53
Cu0.43Ti0.57,Dy2O3,7.01,147.96,5.44,0,1.28E-05,207.33,706.88,1.2,1423,60
Cu0.43Ti0.57,Ho2O3,7.01,147.96,5.44,0,1.28E-05,207.33,731.68,1.2,1423,48
Cu0.43Ti0.57,Er2O3,7.01,147.96,5.44,0,1.28E-05,207.33,740.88,1.2,1423,59
Cu0.43Ti0.57,Tm2O3,7.01,147.96,5.44,0,1.28E-05,207.33,760.08,1.2,1423,58
Cu0.43Ti0.57,Yb2O3,7.01,147.96,5.44,0,1.28E-05,207.33,469.68,1.2,1423,29
Cu0.43Ti0.57,Lu2O3,7.01,147.96,5.44,0,1.28E-05,207.33,807.28,1.2,1423,60
Cu0.43Ti0.57,Al2O3,7.01,147.96,5.44,0,1.28E-05,207.33,406.268,3.2,1423,2
Sn0.96Ti0.04,Y2O3,13.6,139.84,9.68,0,9.01E-07,143.12,752.48,1.2,1423,31
Sn0.96Ti0.04,Cd2O3,13.6,139.84,9.68,0,9.01E-07,143.12,270.568,1.2,1423,29
Sn0.96Ti0.04,Dy2O3,13.6,139.84,9.68,0,9.01E-07,143.12,706.88,1.2,1423,32
Sn0.96Ti0.04,Ho2O3,13.6,139.84,9.68,0,9.01E-07,143.12,731.68,1.2,1423,32
Sn0.96Ti0.04,Er2O3,13.6,139.84,9.68,0,9.01E-07,143.12,740.88,1.2,1423,35
Sn0.96Ti0.04,Tm2O3,13.6,139.84,9.68,0,9.01E-07,143.12,760.08,1.2,1423,31
Sn0.96Ti0.04,Yb2O3,13.6,139.84,9.68,0,9.01E-07,143.12,469.68,1.2,1423,25
Sn0.96Ti0.04,Lu2O3,13.6,139.84,9.68,0,9.01E-07,143.12,807.28,1.2,1423,41
Sn0.96Ti0.04,Al2O3,13.6,139.84,9.68,0,9.01E-07,143.12,406.268,3.2,1423,59
Ge0.95Ti0.05,Y2O3,13.5,122,9.6,0.36385,1.13E-06,223.45,752.48,1.2,1423,24
Ge0.95Ti0.05,Cd2O3,13.5,122,9.6,0.36385,1.13E-06,223.45,270.568,1.2,1423,22
Ge0.95Ti0.05,Tb2O3,13.5,122,9.6,0.36385,1.13E-06,223.45,684.48,1.2,1423,27
Ge0.95Ti0.05,Dy2O3,13.5,122,9.6,0.36385,1.13E-06,223.45,706.88,1.2,1423,28
Ge0.95Ti0.05,Ho2O3,13.5,122,9.6,0.36385,1.13E-06,223.45,731.68,1.2,1423,29
Ge0.95Ti0.05,Er2O3,13.5,122,9.6,0.36385,1.13E-06,223.45,740.88,1.2,1423,32
Ge0.95Ti0.05,Tm2O3,13.5,122,9.6,0.36385,1.13E-06,223.45,760.08,1.2,1423,27
Ge0.95Ti0.05,Yb2O3,13.5,122,9.6,0.36385,1.13E-06,223.45,469.68,1.2,1423,22
Ge0.95Ti0.05,Lu2O3,13.5,122,9.6,0.36385,1.13E-06,223.45,807.28,1.2,1423,24
Ge0.95Ti0.05,Al2O3,13.5,122,9.6,0.36385,1.13E-06,223.45,406.268,3.2,1423,39
Cu,Al2O3,11,132,10,0,0,225,406.268,3.2,1423,129.1
Cu0.992Ti0.008,Al2O3,10.944,132.224,9.936,0,1.80E-07,224.752,406.268,3.2,1423,87.4
Cu0.979Ti0.021,Al2O3,10.853,132.588,9.832,0,4.73E-07,224.349,406.268,3.2,1423,68.4
Cu0.974Ti0.026,Al2O3,10.818,132.728,9.792,0,5.86E-07,224.194,406.268,3.2,1423,49.1
Cu0.95Ti0.05,Al2O3,10.65,133.4,9.6,0,1.13E-06,223.45,406.268,3.2,1423,20.4
Cu0.941Ti0.059,Al2O3,10.587,133.652,9.528,0,1.33E-06,223.171,406.268,3.2,1423,9.5
Cu0.924Ti0.076,Al2O3,10.468,134.128,9.392,0,1.71E-06,222.644,406.268,3.2,1423,3.5
Cu0.898Ti0.102,Al2O3,10.286,134.856,9.184,0,2.30E-06,221.838,406.268,3.2,1423,2.8
Cu,Y2O3,11,132,10,0,0,225,752.48,1.2,1423,141.1
Cu0.954Ti0.046,Y2O3,10.678,133.288,9.632,0,1.04E-06,223.574,752.48,1.2,1423,112.6
Cu0.897Ti0.103,Y2O3,10.279,134.884,9.176,0,2.32E-06,221.807,752.48,1.2,1423,80.7
Cu0.826Ti0.174,Y2O3,9.782,136.872,8.608,0,3.92E-06,219.606,752.48,1.2,1423,71.6
Cu0.748Ti0.252,Y2O3,9.236,139.056,7.984,0,5.68E-06,217.188,752.48,1.2,1423,61.1
Cu0.631Ti0.369,Y2O3,8.417,142.332,7.048,0,8.31E-06,213.561,752.48,1.2,1423,55.8
Cu0.566Ti0.434,Y2O3,7.962,144.152,6.528,0,9.78E-06,211.546,752.48,1.2,1423,55.8
Cu0.511Ti0.489,Y2O3,7.577,145.692,6.088,0,1.10E-05,209.841,752.48,1.2,1423,55.1
Cu0.406Ti0.594,Y2O3,6.842,148.632,5.248,0,1.34E-05,206.586,752.48,1.2,1423,54.4
Cu,Er2O3,11,132,10,0,0,225,740.88,1.2,1423,144.6
Cu0.963Ti0.037,Er2O3,10.741,133.036,9.704,0,8.34E-07,223.853,740.88,1.2,1423,118.9
Cu0.903Ti0.097,Er2O3,10.321,134.716,9.224,0,2.19E-06,221.993,740.88,1.2,1423,91.6
Cu0.848Ti0.152,Er2O3,9.936,136.256,8.784,0,3.43E-06,220.288,740.88,1.2,1423,81.4
Cu0.733Ti0.267,Er2O3,9.131,139.476,7.864,0,6.02E-06,216.723,740.88,1.2,1423,68.8
Cu0.663Ti0.337,Er2O3,8.641,141.436,7.304,0,7.59E-06,214.553,740.88,1.2,1423,64.6
Cu0.577Ti0.423,Er2O3,8.039,143.844,6.616,0,9.53E-06,211.887,740.88,1.2,1423,63.2
Cu0.496Ti0.504,Er2O3,7.472,146.112,5.968,0,1.14E-05,209.376,740.88,1.2,1423,62.5
Cu0.412Ti0.588,Er2O3,6.884,148.464,5.296,0,1.32E-05,206.772,740.88,1.2,1423,62.1
Cu,Y2O3,11,132,10,0,0,225,752.48,1.2,1423,137
Cu0.877Ge0.123,Y2O3,11.369,130.524,10,0.047109,0,225,752.48,1.2,1423,110
Cu0.843Ge0.157,Y2O3,11.471,130.116,10,0.060131,0,225,752.48,1.2,1423,90
Cu0.726Ge0.274,Y2O3,11.822,128.712,10,0.104942,0,225,752.48,1.2,1423,79
Cu0.647Ge0.353,Y2O3,12.059,127.764,10,0.135199,0,225,752.48,1.2,1423,77
Cu0.563Ge0.437,Y2O3,12.311,126.756,10,0.167371,0,225,752.48,1.2,1423,68
Cu0.491Ge0.509,Y2O3,12.527,125.892,10,0.194947,0,225,752.48,1.2,1423,62
Cu0.258Ge0.742,Y2O3,13.226,123.096,10,0.284186,0,225,752.48,1.2,1423,56
Cu0.049Ge0.951,Y2O3,13.853,120.588,10,0.364233,0,225,752.48,1.2,1423,50
Ge,Y2O3,14,120,10,0.383,0,225,752.48,1.2,1423,48
Cu,Al2O3,11,132,10,0,0,225,406.268,3.2,1423,137
Cu0.825Ge0.175,Al2O3,11.525,129.9,10,0.067025,0,225,406.268,3.2,1423,132
Cu0.746Ge0.254,Al2O3,11.762,128.952,10,0.097282,0,225,406.268,3.2,1423,128
Cu0.724Ge0.276,Al2O3,11.828,128.688,10,0.105708,0,225,406.268,3.2,1423,125
Cu0.604Ge0.396,Al2O3,12.188,127.248,10,0.151668,0,225,406.268,3.2,1423,125
Cu0.542Ge0.458,Al2O3,12.374,126.504,10,0.175414,0,225,406.268,3.2,1423,124
Cu0.412Ge0.588,Al2O3,12.764,124.944,10,0.225204,0,225,406.268,3.2,1423,116
Cu0.201Ge0.799,Al2O3,13.397,122.412,10,0.306017,0,225,406.268,3.2,1423,115
Cu0.093Ge0.907,Al2O3,13.721,121.116,10,0.347381,0,225,406.268,3.2,1423,113
Sn,Al2O3,14,139,10,0,0,141,406.268,3.2,1423,122.6
Sn0.995Ti0.005,Al2O3,13.95,139.105,9.96,0,1.13E-07,141.265,406.268,3.2,1423,97.6
Sn0.99Ti0.01,Al2O3,13.9,139.21,9.92,0,2.25E-07,141.53,406.268,3.2,1423,62.9
Sn0.978Ti0.022,Al2O3,13.78,139.462,9.824,0,4.96E-07,142.166,406.268,3.2,1423,47.2
Sn0.96Ti0.04,Al2O3,13.6,139.84,9.68,0,9.01E-07,143.12,406.268,3.2,1423,42.6
Sn0.941Ti0.059,Al2O3,13.41,140.239,9.528,0,1.33E-06,144.127,406.268,3.2,1423,40.5
Sn,Y2O3,14,139,10,0,0,141,752.48,1.2,1423,84.7
Sn0.995Ti0.005,Y2O3,13.95,139.105,9.96,0,1.13E-07,141.265,752.48,1.2,1423,75.7
Sn0.988Ti0.012,Y2O3,13.88,139.252,9.904,0,2.70E-07,141.636,752.48,1.2,1423,48
Sn0.98Ti0.02,Y2O3,13.8,139.42,9.84,0,4.51E-07,142.06,752.48,1.2,1423,33.2
Sn0.967Ti0.033,Y2O3,13.67,139.693,9.736,0,7.44E-07,142.749,752.48,1.2,1423,29.3
Sn0.953Ti0.047,Y2O3,13.53,139.987,9.624,0,1.06E-06,143.491,752.48,1.2,1423,25.7
Sn0.942Ti0.058,Y2O3,13.42,140.218,9.536,0,1.31E-06,144.074,752.48,1.2,1423,24.5
Sn,Er2O3,14,139,10,0,0,141,740.88,1.2,1423,81.6
Sn0.996Ti0.004,Er2O3,13.96,139.084,9.968,0,9.01E-08,141.212,740.88,1.2,1423,72.2
Sn0.989Ti0.011,Er2O3,13.89,139.231,9.912,0,2.48E-07,141.583,740.88,1.2,1423,52.2
Sn0.981Ti0.019,Er2O3,13.81,139.399,9.848,0,4.28E-07,142.007,740.88,1.2,1423,40.1
Sn0.975Ti0.025,Er2O3,13.75,139.525,9.8,0,5.63E-07,142.325,740.88,1.2,1423,33.6
Sn0.961Ti0.039,Er2O3,13.61,139.819,9.688,0,8.79E-07,143.067,740.88,1.2,1423,24.8
Sn0.951Ti0.049,Er2O3,13.51,140.029,9.608,0,1.10E-06,143.597,740.88,1.2,1423,24.3
Sn0.94Ti0.06,Er2O3,13.4,140.26,9.52,0,1.35E-06,144.18,740.88,1.2,1423,23.1
Cu0.94Ti0.06,Si1O2,10.58,133.68,9.52,0,1.35E-06,223.14,598.8666667,2.666666667,1423,27
Cu0.94Ti0.06,Al2O3,10.58,133.68,9.52,0,1.35E-06,223.14,406.268,3.2,1423,21
Cu0.94Ti0.06,Ti2O3,10.58,133.68,9.52,0,1.35E-06,223.14,809.28,1.2,1423,21
Cu0.94Ti0.06,Mg1O1,10.58,133.68,9.52,0,1.35E-06,223.14,488.9,1,1423,26
Cu0.425Pd0.425Ti0.15,Al2O3,9.525,139.175,8.8,0,3.38E-06,220.35,406.268,3.2,1423,34
Cu0.425Pd0.425Ti0.15,Si1O2,9.525,139.175,8.8,0,3.38E-06,220.35,598.8666667,2.666666667,1423,36
Cu0.425Pd0.425Ti0.15,Al2O3,9.525,139.175,8.8,0,3.38E-06,220.35,406.268,3.2,1423,31
Si,Al2O3,14,111,0,0.773,0,227,406.268,3.2,1703,80
Si,Si1O2,14,111,0,0.773,0,227,598.8666667,2.666666667,1703,92
Si,Y2O3,14,111,0,0.773,0,227,752.48,1.2,1703,63
Si,Al2O3,14,111,0,0.773,0,227,406.268,3.2,1723,95
Si,Zr1O2,14,111,0,0.773,0,227,745.8666667,1.333333333,1723,90
Si,Mg1O1,14,111,0,0.773,0,227,488.9,1,1723,101
Si,Be1O1,14,111,0,0.773,0,227,807.4,1,1723,88
Si,Al2O3,14,111,0,0.773,0,227,406.268,3.2,1723,100
Si,Zr1O2,14,111,0,0.773,0,227,745.8666667,1.333333333,1723,96
Si,Mg1O1,14,111,0,0.773,0,227,488.9,1,1723,95
Si,Be1O1,14,111,0,0.773,0,227,807.4,1,1723,76
Si,Ti1O2,14,111,0,0.773,0,227,683.5333333,1.333333333,1723,107
Ni,Zr1O2,10,124,8,0,0.5953947,225,745.8666667,1.333333333,1773,118
Ni,Al2O3,10,124,8,0,0.5953947,225,406.268,3.2,1773,128
Ni,Be1O1,10,124,8,0,0.5953947,225,807.4,1,1773,128
Ni,Mg1O1,10,124,8,0,0.5953947,225,488.9,1,1773,132
Ni,Ti1O2,10,124,8,0,0.5953947,225,683.5333333,1.333333333,1773,104
Ni,Zr1O2,10,124,8,0,0.5953947,225,745.8666667,1.333333333,1773,131
Ni,Th1O2,10,124,8,0,0.5953947,225,710.8666667,1.333333333,1773,132
Ni,Al2O3,10,124,8,0,0.5953947,225,406.268,3.2,1773,133
Ni,Be1O1,10,124,8,0,0.5953947,225,807.4,1,1773,152
Ni,Mg1O1,10,124,8,0,0.5953947,225,488.9,1,1773,152
Ni,Ti1O2,10,124,8,0,0.5953947,225,683.5333333,1.333333333,1773,143
Ni,Zr1O2,10,124,8,0,0.5953947,225,745.8666667,1.333333333,1773,120
Ni,Th1O2,10,124,8,0,0.5953947,225,710.8666667,1.333333333,1773,134
Ni,Al2O3,10,124,8,0,0.5953947,225,406.268,3.2,1773,141
Ni,Be1O1,10,124,8,0,0.5953947,225,807.4,1,1773,146
Ni,Ti1O2,10,124,8,0,0.5953947,225,683.5333333,1.333333333,1773,121
Ni,Al2O3,10,124,8,0,0.5953947,225,406.268,3.2,1755,112
Ni0.97Al0.03,Al2O3,10.09,123.91,7.76,0,0.577532859,225,406.268,3.2,1755,113
Ni0.92Al0.08,Al2O3,10.24,123.76,7.36,0,0.547763124,225,406.268,3.2,1755,134
Ni0.75Al0.25,Al2O3,10.75,123.25,6,0,0.446546025,225,406.268,3.2,1670,94
Ni,Al2O3,10,124,8,0,0.5953947,225,406.268,3.2,1773,108
Ni,Al2O3,10,124,8,0,0.5953947,225,406.268,3.2,1773,110
Ni,Al2O3,10,124,8,0,0.5953947,225,406.268,3.2,1853,107
Ni,Al2O3,10,124,8,0,0.5953947,225,406.268,3.2,1755,109
Ni,Al2O3,10,124,8,0,0.5953947,225,406.268,3.2,1750,112
Ni0.97Al0.03,Al2O3,10.09,123.91,7.76,0,0.577532859,225,406.268,3.2,1750,95
Ni0.75Al0.25,Al2O3,10.75,123.25,6,0,0.446546025,225,406.268,3.2,1750,83
Al,Al2O3,13,121,0,0,0,225,406.268,3.2,1750,65
Cu0.425Pd0.425Ti0.15,Al2O3,9.525,139.175,8.8,0,3.38E-06,220.35,406.268,3.2,1423,128
Cu0.425Pd0.425Ti0.15,Ti2O3,9.525,139.175,8.8,0,3.38E-06,220.35,809.28,1.2,1423,113
Cu0.425Pd0.425Ti0.15,Ti1O1.14,9.525,139.175,8.8,0,3.38E-06,220.35,936.2018692,1.065420561,1423,82
Cu0.425Pd0.425Ti0.15,Ti1O0.86,9.525,139.175,8.8,0,3.38E-06,220.35,1068.886022,0.924731183,1423,72
Ni0.5Pd0.5,Al2O3,10,131.5,9,0,0.29769735,225,406.268,3.2,1523,112.1
Ni0.49Pd0.491Ti0.019,Al2O3,9.886,132.049,8.868,0,0.291743831,224.411,406.268,3.2,1523,103.9
Ni0.492Pd0.492Ti0.016,Al2O3,9.904,131.956,8.888,0,0.292934553,224.504,406.268,3.2,1523,98.3
Ni0.486Pd0.486Ti0.028,Al2O3,9.832,132.298,8.804,0,0.289362455,224.132,406.268,3.2,1523,94.9
Ni0.471Pd0.471Ti0.058,Al2O3,9.652,133.153,8.594,0,0.280432211,223.202,406.268,3.2,1523,97
Ni0.464Pd0.465Ti0.071,Al2O3,9.574,133.531,8.504,0,0.276264741,222.799,406.268,3.2,1523,96.1
Ni0.453Pd0.453Ti0.094,Al2O3,9.436,134.179,8.342,0,0.269715917,222.086,406.268,3.2,1523,81.2
Ni0.442Pd0.442Ti0.116,Al2O3,9.304,134.806,8.188,0,0.263167071,221.404,406.268,3.2,1523,76.1
Ni0.434Pd0.435Ti0.131,Al2O3,9.214,135.241,8.084,0,0.258404252,220.939,406.268,3.2,1523,69.3
Ni0.424Pd0.425Ti0.151,Al2O3,9.094,135.811,7.944,0,0.252450755,220.319,406.268,3.2,1523,72.3
Ni0.412Pd0.412Ti0.176,Al2O3,8.944,136.516,7.768,0,0.245306582,219.544,406.268,3.2,1523,68.3
Ni0.4Pd0.4Ti0.2,Al2O3,8.8,137.2,7.6,0,0.238162387,218.8,406.268,3.2,1523,57.6
Ni0.384Pd0.385Ti0.231,Al2O3,8.614,138.091,7.384,0,0.22863677,217.839,406.268,3.2,1523,50.5
Ni0.374Pd0.375Ti0.251,Al2O3,8.494,138.661,7.244,0,0.222683274,217.219,406.268,3.2,1523,50.7
Ni,Al2O3,10,124,8,0,0.5953947,225,406.268,3.2,1773,111
Ni0.95Cr0.05,Al2O3,9.8,124.75,7.85,0,0.565624965,225.2,406.268,3.2,1773,98
Ni0.9Cr0.1,Al2O3,9.6,125.5,7.7,0,0.53585523,225.4,406.268,3.2,1773,91
Ni0.85Cr0.15,Al2O3,9.4,126.25,7.55,0,0.506085495,225.6,406.268,3.2,1773,89
Ni0.8Cr0.2,Al2O3,9.2,127,7.4,0,0.47631576,225.8,406.268,3.2,1773,89
Al,Al2O3,13,121,0,0,0,225,406.268,3.2,933,103
Au,Al2O3,11,136,10,0,0,225,406.268,3.2,1423,120
Co,Al2O3,9,126,7,0,1.5484712,194,406.268,3.2,1803,113
Ge,Al2O3,14,120,10,0.383,0,225,406.268,3.2,1423,104
Mn,Al2O3,7,139,5,0,0.000310121,217,406.268,3.2,1823,103
Pd,Al2O3,10,139,10,0,0,225,406.268,3.2,1873,120
Co,Al2O3,9,126,7,0,1.5484712,194,406.268,3.2,1793,115
Co,Co1O1,9,126,7,0,1.5484712,194,911.4,1,1773,70
Co,Zr1O2,9,126,7,0,1.5484712,194,745.8666667,1.333333333,1773,118
Fe,Al2O3,8,132,6,0,2.1106628,229,406.268,3.2,1848,111
Fe,Be1O1,8,132,6,0,2.1106628,229,807.4,1,1823,127
Fe,Ca1O1,8,132,6,0,2.1106628,229,584.9,1,1823,132
Fe,Cr2O3,8,132,6,0,2.1106628,229,904.88,1.2,1823,88
Fe,Mg1O1,8,132,6,0,2.1106628,229,488.9,1,1823,123
Fe,U1O2,8,132,6,0,2.1106628,229,505.8666667,1.333333333,1823,123
Fe,Zr1O2,8,132,6,0,2.1106628,229,745.8666667,1.333333333,1933,115
Ni,Al2O3,10,124,8,0,0.5953947,225,406.268,3.2,1808,111
Ni,Be1O1,10,124,8,0,0.5953947,225,807.4,1,1823,127
Ni,Ca1O1,10,124,8,0,0.5953947,225,584.9,1,1773,135
Ni,Co1O1,10,124,8,0,0.5953947,225,911.4,1,1773,58
Ni,Mg1O1,10,124,8,0,0.5953947,225,488.9,1,1823,132
Ni,Ni1O1,10,124,8,0,0.5953947,225,891.4,1,1773,60
Ni,Si1O2,10,124,8,0,0.5953947,225,598.8666667,2.666666667,1773,125
Ni,Ti1O2,10,124,8,0,0.5953947,225,683.5333333,1.333333333,1773,105
Ni,U1O2,10,124,8,0,0.5953947,225,505.8666667,1.333333333,1773,112
Ni,Zr1O2,10,124,8,0,0.5953947,225,745.8666667,1.333333333,1743,121
Ni,Al2O3,10,124,8,0,0.5953947,225,406.268,3.2,1823,108
Ni,Al2O3,10,124,8,0,0.5953947,225,406.268,3.2,1730,112
Sn,Co1O1,14,139,10,0,0,141,911.4,1,1173,0.1
Sn,Ni1O1,14,139,10,0,0,141,891.4,1,1273,26.7
Sn,Yb2O3,14,139,10,0,0,141,469.68,1.2,1423,79.6
Sn,Lu2O3,14,139,10,0,0,141,807.28,1.2,1423,88.1
Sn,Al2O3,14,139,10,0,0,141,406.268,3.2,1273,120
Sn,Mg1O1,14,139,10,0,0,141,488.9,1,505,121
Sn,Si1O2,14,139,10,0,0,141,598.8666667,2.666666667,505,124
Sn,Zr1O2,14,139,10,0,0,141,745.8666667,1.333333333,1073,135.5
Ni,Mg1O1,10,124,8,0,0.5953947,225,488.9,1,1773,132.4
Ni,Mg0.9Co0.1O1,10,124,8,0,0.5953947,225,531.15,1,1773,127.6
Ni,Mg0.7Co0.3O1,10,124,8,0,0.5953947,225,615.65,1,1773,124
Ni,Mg0.5Co0.5O1,10,124,8,0,0.5953947,225,700.15,1,1773,122
Ni,Mg0.3Co0.7O1,10,124,8,0,0.5953947,225,784.65,1,1773,112
Ni,Mg0.1Co0.9O1,10,124,8,0,0.5953947,225,869.15,1,1773,74.4
Ni,CuO2,10,124,8,0,0.5953947,225,489.1233333,1.333333333,1773,58
Sn,Ni1O1,14,139,10,0,0,141,891.4,1,1275,27
Ti,Mg1O1,4,160,2,0,2.25E-05,194,488.9,1,2000,0
Al,Si1O2,13,121,0,0,0,225,598.8666667,2.666666667,1073,90
Ga,Al2O3,13,122,10,0,0,64,406.268,3.2,305,129.8
Ga,Al2O3,13,122,10,0,0,64,406.268,3.2,438,127.8
Ga,Al2O3,13,122,10,0,0,64,406.268,3.2,583,126.4
Ga,Al2O3,13,122,10,0,0,64,406.268,3.2,773,124.3
Ga,Al2O3,13,122,10,0,0,64,406.268,3.2,973,121.6
Ga,Al2O3,13,122,10,0,0,64,406.268,3.2,1173,119.4
Ga,Si1O2,13,122,10,0,0,64,598.8666667,2.666666667,313,130.9
Ga,Si1O2,13,122,10,0,0,64,598.8666667,2.666666667,437,129.5
Ga,Si1O2,13,122,10,0,0,64,598.8666667,2.666666667,589,127.9
Ga,Si1O2,13,122,10,0,0,64,598.8666667,2.666666667,773,126
Ga,Si1O2,13,122,10,0,0,64,598.8666667,2.666666667,973,123.9
Ga,Si1O2,13,122,10,0,0,64,598.8666667,2.666666667,1173,121.9
Ga0.908Ni0.092,Si1O2,12.724,122.184,9.816,0,0.054776312,78.812,598.8666667,2.666666667,866,137
Ga0.908Ni0.092,Si1O2,12.724,122.184,9.816,0,0.054776312,78.812,598.8666667,2.666666667,971,136
Ga0.908Ni0.092,Si1O2,12.724,122.184,9.816,0,0.054776312,78.812,598.8666667,2.666666667,1076,136
Ga0.908Ni0.092,Si1O2,12.724,122.184,9.816,0,0.054776312,78.812,598.8666667,2.666666667,1169,135
Ga0.721Ag0.279,Si1O2,12.442,128.417,10,0,0,108.919,598.8666667,2.666666667,874,135
Ga0.721Ag0.279,Si1O2,12.442,128.417,10,0,0,108.919,598.8666667,2.666666667,974,132
Ga0.721Ag0.279,Si1O2,12.442,128.417,10,0,0,108.919,598.8666667,2.666666667,1072,130
Ga0.721Ag0.279,Si1O2,12.442,128.417,10,0,0,108.919,598.8666667,2.666666667,1171,126
Ga0.63Sn0.37,Si1O2,13.37,128.29,10,0,0,92.49,598.8666667,2.666666667,582,130
Ga0.63Sn0.37,Si1O2,13.37,128.29,10,0,0,92.49,598.8666667,2.666666667,785,127
Ga0.63Sn0.37,Si1O2,13.37,128.29,10,0,0,92.49,598.8666667,2.666666667,989,123
Ga0.63Sn0.37,Si1O2,13.37,128.29,10,0,0,92.49,598.8666667,2.666666667,1161,119
Ga0.353In0.647,Si1O2,13,134.94,10,0,0,112.525,598.8666667,2.666666667,440,127
Ga0.353In0.647,Si1O2,13,134.94,10,0,0,112.525,598.8666667,2.666666667,589,125
Ga0.353In0.647,Si1O2,13,134.94,10,0,0,112.525,598.8666667,2.666666667,784,121
Ga0.353In0.647,Si1O2,13,134.94,10,0,0,112.525,598.8666667,2.666666667,983,118
Ga0.353In0.647,Si1O2,13,134.94,10,0,0,112.525,598.8666667,2.666666667,1187,116
Ga,Al2O3,13,122,10,0,0,64,406.268,3.2,1173,121
Ga0.985Cr0.015,Al2O3,12.895,122.255,9.925,0,0,66.475,406.268,3.2,1173,119
Ga0.972Cr0.028,Al2O3,12.804,122.476,9.86,0,0,68.62,406.268,3.2,1173,121
Ga0.961Cr0.039,Al2O3,12.727,122.663,9.805,0,0,70.435,406.268,3.2,1173,118
Ga0.947Cr0.053,Al2O3,12.629,122.901,9.735,0,0,72.745,406.268,3.2,1173,120
Ga0.939Cr0.061,Al2O3,12.573,123.037,9.695,0,0,74.065,406.268,3.2,1173,118
Ga0.921Cr0.079,Al2O3,12.447,123.343,9.605,0,0,77.035,406.268,3.2,1173,120
Ga0.917Cr0.083,Al2O3,12.419,123.411,9.585,0,0,77.695,406.268,3.2,1173,117
Ga0.898Cr0.102,Al2O3,12.286,123.734,9.49,0,0,80.83,406.268,3.2,1173,120
Ga,Al2O3,13,122,10,0,0,64,406.268,3.2,1323,117
Ga0.975Cr0.025,Al2O3,12.825,122.425,9.875,0,0,68.125,406.268,3.2,1323,115
Ga0.944Cr0.056,Al2O3,12.608,122.952,9.72,0,0,73.24,406.268,3.2,1323,114
Ga0.904Cr0.096,Al2O3,12.328,123.632,9.52,0,0,79.84,406.268,3.2,1323,114
Ga0.884Cr0.116,Al2O3,12.188,123.972,9.42,0,0,83.14,406.268,3.2,1323,114
Ga0.872Cr0.128,Al2O3,12.104,124.176,9.36,0,0,85.12,406.268,3.2,1323,114
Ga0.851Cr0.149,Al2O3,11.957,124.533,9.255,0,0,88.585,406.268,3.2,1323,112
Ga0.824Cr0.176,Al2O3,11.768,124.992,9.12,0,0,93.04,406.268,3.2,1323,111
Ga0.808Cr0.192,Al2O3,11.656,125.264,9.04,0,0,95.68,406.268,3.2,1323,111
Ga0.784Cr0.216,Al2O3,11.488,125.672,8.92,0,0,99.64,406.268,3.2,1323,110
Ga0.995V0.005,Al2O3,12.96,122.155,9.965,0,0,64.825,406.268,3.2,1173,109
Ga0.993V0.007,Al2O3,12.944,122.217,9.951,0,0,65.155,406.268,3.2,1173,104
Ga0.99V0.01,Al2O3,12.92,122.31,9.93,0,0,65.65,406.268,3.2,1173,103
Ga0.986V0.014,Al2O3,12.888,122.434,9.902,0,0,66.31,406.268,3.2,1173,101
Ga0.982V0.018,Al2O3,12.856,122.558,9.874,0,0,66.97,406.268,3.2,1173,97
Ga0.979V0.021,Al2O3,12.832,122.651,9.853,0,0,67.465,406.268,3.2,1173,96
Ga0.996V0.004,Al2O3,12.968,122.124,9.972,0,0,64.66,406.268,3.2,1323,106
Ga0.994V0.006,Al2O3,12.952,122.186,9.958,0,0,64.99,406.268,3.2,1323,99
Ga0.993V0.007,Al2O3,12.944,122.217,9.951,0,0,65.155,406.268,3.2,1323,97
Ga0.988V0.012,Al2O3,12.904,122.372,9.916,0,0,65.98,406.268,3.2,1323,94
Ga0.983V0.017,Al2O3,12.864,122.527,9.881,0,0,66.805,406.268,3.2,1323,92
Ga0.997Ti0.003,Al2O3,12.973,122.114,9.976,0,6.76E-08,64.39,406.268,3.2,1173,98
Ga0.996Ti0.004,Al2O3,12.964,122.152,9.968,0,9.01E-08,64.52,406.268,3.2,1173,93
Ga0.995Ti0.005,Al2O3,12.955,122.19,9.96,0,1.13E-07,64.65,406.268,3.2,1173,91
Ga0.993Ti0.007,Al2O3,12.937,122.266,9.944,0,1.58E-07,64.91,406.268,3.2,1173,87
Ga0.99Ti0.01,Al2O3,12.91,122.38,9.92,0,2.25E-07,65.3,406.268,3.2,1173,80
Ga0.988Ti0.012,Al2O3,12.892,122.456,9.904,0,2.70E-07,65.56,406.268,3.2,1173,78
Ga0.98Ti0.02,Al2O3,12.82,122.76,9.84,0,4.51E-07,66.6,406.268,3.2,1173,77
Ga0.979Ti0.021,Al2O3,12.811,122.798,9.832,0,4.73E-07,66.73,406.268,3.2,1173,74
Ga0.975Ti0.025,Al2O3,12.775,122.95,9.8,0,5.63E-07,67.25,406.268,3.2,1173,74
Ga0.972Ti0.028,Al2O3,12.748,123.064,9.776,0,6.31E-07,67.64,406.268,3.2,1173,76
Ga0.957Ti0.043,Al2O3,12.613,123.634,9.656,0,9.69E-07,69.59,406.268,3.2,1173,75
Ga0.95Ti0.05,Al2O3,12.55,123.9,9.6,0,1.13E-06,70.5,406.268,3.2,1173,74
Ga0.997Ti0.003,Al2O3,12.973,122.114,9.976,0,6.76E-08,64.39,406.268,3.2,1323,83
Ga0.996Ti0.004,Al2O3,12.964,122.152,9.968,0,9.01E-08,64.52,406.268,3.2,1323,74
Ga0.992Ti0.008,Al2O3,12.928,122.304,9.936,0,1.80E-07,65.04,406.268,3.2,1323,72
Ga0.991Ti0.009,Al2O3,12.919,122.342,9.928,0,2.03E-07,65.17,406.268,3.2,1323,70
Ga0.989Ti0.011,Al2O3,12.901,122.418,9.912,0,2.48E-07,65.43,406.268,3.2,1323,65
Ga0.981Ti0.019,Al2O3,12.829,122.722,9.848,0,4.28E-07,66.47,406.268,3.2,1323,63
Ga0.976Ti0.024,Al2O3,12.784,122.912,9.808,0,5.41E-07,67.12,406.268,3.2,1323,62
Ga0.963Ti0.037,Al2O3,12.667,123.406,9.704,0,8.34E-07,68.81,406.268,3.2,1323,56
Ga0.954Ti0.046,Al2O3,12.586,123.748,9.632,0,1.04E-06,69.98,406.268,3.2,1323,63
Ga0.937Ti0.063,Al2O3,12.433,124.394,9.496,0,1.42E-06,72.19,406.268,3.2,1323,58
Ga0.922Ti0.078,Al2O3,12.298,124.964,9.376,0,1.76E-06,74.14,406.268,3.2,1323,62
Ga0.916Ti0.084,Al2O3,12.244,125.192,9.328,0,1.89E-06,74.92,406.268,3.2,1323,56
Ga0.9Ti0.1,Al2O3,12.1,125.8,9.2,0,2.25E-06,77,406.268,3.2,1323,62
Ga0.89Ti0.11,Al2O3,12.01,126.18,9.12,0,2.48E-06,78.3,406.268,3.2,1323,63
Ga0.885Ti0.115,Al2O3,11.965,126.37,9.08,0,2.59E-06,78.95,406.268,3.2,1323,56
Ga,Si1O2,13,122,10,0,0,64,598.8666667,2.666666667,1173,123
Ga0.987Cr0.013,Si1O2,12.909,122.221,9.935,0,0,66.145,598.8666667,2.666666667,1173,121
Ga0.978Cr0.022,Si1O2,12.846,122.374,9.89,0,0,67.63,598.8666667,2.666666667,1173,122
Ga0.966Cr0.034,Si1O2,12.762,122.578,9.83,0,0,69.61,598.8666667,2.666666667,1173,122
Ga0.94Cr0.06,Si1O2,12.58,123.02,9.7,0,0,73.9,598.8666667,2.666666667,1173,120
Ga0.931Cr0.069,Si1O2,12.517,123.173,9.655,0,0,75.385,598.8666667,2.666666667,1173,120
Ga0.917Cr0.083,Si1O2,12.419,123.411,9.585,0,0,77.695,598.8666667,2.666666667,1173,120
Ga0.904Cr0.096,Si1O2,12.328,123.632,9.52,0,0,79.84,598.8666667,2.666666667,1173,121
Ga0.901Cr0.099,Si1O2,12.307,123.683,9.505,0,0,80.335,598.8666667,2.666666667,1173,121
Ga,Si1O2,13,122,10,0,0,64,598.8666667,2.666666667,1323,120
Ga0.974Cr0.026,Si1O2,12.818,122.442,9.87,0,0,68.29,598.8666667,2.666666667,1323,119
Ga0.953Cr0.047,Si1O2,12.671,122.799,9.765,0,0,71.755,598.8666667,2.666666667,1323,118
Ga0.946Cr0.054,Si1O2,12.622,122.918,9.73,0,0,72.91,598.8666667,2.666666667,1323,119
Ga0.909Cr0.091,Si1O2,12.363,123.547,9.545,0,0,79.015,598.8666667,2.666666667,1323,117
Ga0.895Cr0.105,Si1O2,12.265,123.785,9.475,0,0,81.325,598.8666667,2.666666667,1323,117
Ga0.88Cr0.12,Si1O2,12.16,124.04,9.4,0,0,83.8,598.8666667,2.666666667,1323,117
Ga0.835Cr0.165,Si1O2,11.845,124.805,9.175,0,0,91.225,598.8666667,2.666666667,1323,116
Ga0.822Cr0.178,Si1O2,11.754,125.026,9.11,0,0,93.37,598.8666667,2.666666667,1323,119
Ga0.784Cr0.216,Si1O2,11.488,125.672,8.92,0,0,99.64,598.8666667,2.666666667,1323,118
Ga0.996V0.004,Si1O2,12.968,122.124,9.972,0,0,64.66,598.8666667,2.666666667,1173,115
Ga0.993V0.007,Si1O2,12.944,122.217,9.951,0,0,65.155,598.8666667,2.666666667,1173,116
Ga0.989V0.011,Si1O2,12.912,122.341,9.923,0,0,65.815,598.8666667,2.666666667,1173,115
Ga0.983V0.017,Si1O2,12.864,122.527,9.881,0,0,66.805,598.8666667,2.666666667,1173,114
Ga0.982V0.018,Si1O2,12.856,122.558,9.874,0,0,66.97,598.8666667,2.666666667,1173,112
Ga0.996V0.004,Si1O2,12.968,122.124,9.972,0,0,64.66,598.8666667,2.666666667,1323,114
Ga0.993V0.007,Si1O2,12.944,122.217,9.951,0,0,65.155,598.8666667,2.666666667,1323,114
Ga0.988V0.012,Si1O2,12.904,122.372,9.916,0,0,65.98,598.8666667,2.666666667,1323,114
Ga0.985V0.015,Si1O2,12.88,122.465,9.895,0,0,66.475,598.8666667,2.666666667,1323,113
Ga0.98V0.02,Si1O2,12.84,122.62,9.86,0,0,67.3,598.8666667,2.666666667,1323,114
Ga0.999Ti0.001,Si1O2,12.991,122.038,9.992,0,2.25E-08,64.13,598.8666667,2.666666667,1173,97
Ga0.997Ti0.003,Si1O2,12.973,122.114,9.976,0,6.76E-08,64.39,598.8666667,2.666666667,1173,90
Ga0.995Ti0.005,Si1O2,12.955,122.19,9.96,0,1.13E-07,64.65,598.8666667,2.666666667,1173,88
Ga0.994Ti0.006,Si1O2,12.946,122.228,9.952,0,1.35E-07,64.78,598.8666667,2.666666667,1173,84
Ga0.992Ti0.008,Si1O2,12.928,122.304,9.936,0,1.80E-07,65.04,598.8666667,2.666666667,1173,75
Ga0.99Ti0.01,Si1O2,12.91,122.38,9.92,0,2.25E-07,65.3,598.8666667,2.666666667,1173,68
Ga0.986Ti0.014,Si1O2,12.874,122.532,9.888,0,3.15E-07,65.82,598.8666667,2.666666667,1173,64
Ga0.981Ti0.019,Si1O2,12.829,122.722,9.848,0,4.28E-07,66.47,598.8666667,2.666666667,1173,62
Ga0.975Ti0.025,Si1O2,12.775,122.95,9.8,0,5.63E-07,67.25,598.8666667,2.666666667,1173,61
Ga0.962Ti0.038,Si1O2,12.658,123.444,9.696,0,8.56E-07,68.94,598.8666667,2.666666667,1173,58
Ga0.955Ti0.045,Si1O2,12.595,123.71,9.64,0,1.01E-06,69.85,598.8666667,2.666666667,1173,58
Ga0.999Ti0.001,Si1O2,12.991,122.038,9.992,0,2.25E-08,64.13,598.8666667,2.666666667,1323,89
Ga0.998Ti0.002,Si1O2,12.982,122.076,9.984,0,4.51E-08,64.26,598.8666667,2.666666667,1323,77
Ga0.995Ti0.005,Si1O2,12.955,122.19,9.96,0,1.13E-07,64.65,598.8666667,2.666666667,1323,67
Ga0.989Ti0.011,Si1O2,12.901,122.418,9.912,0,2.48E-07,65.43,598.8666667,2.666666667,1323,62
Ga0.986Ti0.014,Si1O2,12.874,122.532,9.888,0,3.15E-07,65.82,598.8666667,2.666666667,1323,62
Ga0.978Ti0.022,Si1O2,12.802,122.836,9.824,0,4.96E-07,66.86,598.8666667,2.666666667,1323,59
Ga0.965Ti0.035,Si1O2,12.685,123.33,9.72,0,7.89E-07,68.55,598.8666667,2.666666667,1323,57
Ga0.952Ti0.048,Si1O2,12.568,123.824,9.616,0,1.08E-06,70.24,598.8666667,2.666666667,1323,55
Ga0.939Ti0.061,Si1O2,12.451,124.318,9.512,0,1.37E-06,71.93,598.8666667,2.666666667,1323,56
Ga0.919Ti0.081,Si1O2,12.271,125.078,9.352,0,1.83E-06,74.53,598.8666667,2.666666667,1323,55
Ga0.914Ti0.086,Si1O2,12.226,125.268,9.312,0,1.94E-06,75.18,598.8666667,2.666666667,1323,54
Ga0.897Ti0.103,Si1O2,12.073,125.914,9.176,0,2.32E-06,77.39,598.8666667,2.666666667,1323,55
Ga0.895Ti0.105,Si1O2,12.055,125.99,9.16,0,2.37E-06,77.65,598.8666667,2.666666667,1323,53
Cu0.824Ga0.175Ti0.001,Al2O3,11.343,130.278,9.992,0,2.25E-08,196.794,406.268,3.2,1323,131
Cu0.815Ga0.173Ti0.012,Al2O3,11.262,130.606,9.904,0,2.70E-07,196.775,406.268,3.2,1323,98
Cu0.807Ga0.171Ti0.022,Al2O3,11.188,130.906,9.824,0,4.96E-07,196.787,406.268,3.2,1323,88
Cu0.799Ga0.17Ti0.031,Al2O3,11.123,131.168,9.752,0,6.99E-07,196.669,406.268,3.2,1323,79
Cu0.79Ga0.167Ti0.043,Al2O3,11.033,131.534,9.656,0,9.69E-07,196.78,406.268,3.2,1323,66
Cu0.783Ga0.166Ti0.051,Al2O3,10.975,131.768,9.592,0,1.15E-06,196.693,406.268,3.2,1323,57
Cu0.775Ga0.164Ti0.061,Al2O3,10.901,132.068,9.512,0,1.37E-06,196.705,406.268,3.2,1323,50
Cu0.759Ga0.161Ti0.08,Al2O3,10.762,132.63,9.36,0,1.80E-06,196.599,406.268,3.2,1323,46
Cu0.752Ga0.159Ti0.089,Al2O3,10.695,132.902,9.288,0,2.01E-06,196.642,406.268,3.2,1323,40
Cu0.815Ga0.173Ti0.012,Si1O2,11.262,130.606,9.904,0,2.70E-07,196.775,598.8666667,2.666666667,1323,109
Cu0.807Ga0.171Ti0.022,Si1O2,11.188,130.906,9.824,0,4.96E-07,196.787,598.8666667,2.666666667,1323,56
Cu0.799Ga0.169Ti0.032,Si1O2,11.114,131.206,9.744,0,7.21E-07,196.799,598.8666667,2.666666667,1323,36
Cu0.791Ga0.168Ti0.041,Si1O2,11.049,131.468,9.672,0,9.24E-07,196.681,598.8666667,2.666666667,1323,27
Cu0.782Ga0.166Ti0.052,Si1O2,10.968,131.796,9.584,0,1.17E-06,196.662,598.8666667,2.666666667,1323,22
Cu0.766Ga0.163Ti0.071,Si1O2,10.829,132.358,9.432,0,1.60E-06,196.556,598.8666667,2.666666667,1323,19
Cu0.75Ga0.159Ti0.091,Si1O2,10.681,132.958,9.272,0,2.05E-06,196.58,598.8666667,2.666666667,1323,17
Sn,Al2O3,14,139,10,0,0,141,406.268,3.2,873,140.7
Sn,Al2O3,14,139,10,0,0,141,406.268,3.2,973,140.2
Sn,Al2O3,14,139,10,0,0,141,406.268,3.2,1023,139
Sn,Al2O3,14,139,10,0,0,141,406.268,3.2,1073,115.7
Sn,Al2O3,14,139,10,0,0,141,406.268,3.2,1123,114.7
Sn,Al2O3,14,139,10,0,0,141,406.268,3.2,1173,114.4
Sn,Al2O3,14,139,10,0,0,141,406.268,3.2,1223,115.7
Sn,Al2O3,14,139,10,0,0,141,406.268,3.2,1273,115.9
Sn,Al2O3,14,139,10,0,0,141,406.268,3.2,1323,119.3
Sn,Al2O3,14,139,10,0,0,141,406.268,3.2,1373,122.5
Sn,Al2O3,14,139,10,0,0,141,406.268,3.2,1423,122.5
Sn,Al2O3,14,139,10,0,0,141,406.268,3.2,1473,122.6
Sn,Al2O3,14,139,10,0,0,141,406.268,3.2,1573,121.2
Cu,Al2O3,11,132,10,0,0,225,406.268,3.2,1423,135
Cu0.9Al0.1,Al2O3,11.2,130.9,9,0,0,225,406.268,3.2,1423,113.4
Cu0.8Al0.2,Al2O3,11.4,129.8,8,0,0,225,406.268,3.2,1423,100
Cu0.7Al0.3,Al2O3,11.6,128.7,7,0,0,225,406.268,3.2,1423,90.2
Cu0.6Al0.4,Al2O3,11.8,127.6,6,0,0,225,406.268,3.2,1423,84.8
Cu0.9Ti0.1,Al2O3,10.3,134.8,9.2,0,2.25E-06,221.9,406.268,3.2,1423,69.6
Cu0.8Ti0.2,Al2O3,9.6,137.6,8.4,0,4.51E-06,218.8,406.268,3.2,1423,29.5
Cu0.7Ti0.3,Al2O3,8.9,140.4,7.6,0,6.76E-06,215.7,406.268,3.2,1423,7.1
Cu0.6Ti0.4,Al2O3,8.2,143.2,6.8,0,9.01E-06,212.6,406.268,3.2,1423,5.4
Ga,Ca1F2,13,122,10,0,0,64,407.3333333,0.666666667,1173,120
In,Ca1F2,13,142,10,0,0,139,407.3333333,0.666666667,1173,130
Ge,Ca1F2,14,120,10,0.383,0,225,407.3333333,0.666666667,1423,110
Cu,Ca1F2,11,132,10,0,0,225,407.3333333,0.666666667,1423,110
Al,Ca1F2,13,121,0,0,0,225,407.3333333,0.666666667,1423,90
In,Ca1F2,13,142,10,0,0,139,407.3333333,0.666666667,1423,120
Ga,Ca1F2,13,122,10,0,0,64,407.3333333,0.666666667,1423,88
Ge,Ca1F2,14,120,10,0.383,0,225,407.3333333,0.666666667,1523,128
Al,Ca1F2,13,121,0,0,0,225,407.3333333,0.666666667,1523,126
Cu,Ca1F2,11,132,10,0,0,225,407.3333333,0.666666667,1523,127
In,Ca1F2,13,142,10,0,0,139,407.3333333,0.666666667,1123,130
Sn,Ca1F2,14,139,10,0,0,141,407.3333333,0.666666667,1173,125
Au,Ca1F2,11,136,10,0,0,225,407.3333333,0.666666667,1373,114
Ge,Ca1F2,14,120,10,0.383,0,225,407.3333333,0.666666667,1273,115
In0.98Ti0.02,Ca1F2,12.82,142.36,9.84,0,4.51E-07,140.1,407.3333333,0.666666667,1123,30
Sn0.98Ti0.02,Ca1F2,13.8,139.42,9.84,0,4.51E-07,142.06,407.3333333,0.666666667,1173,51
Ga0.98Ti0.02,Ca1F2,12.82,122.76,9.84,0,4.51E-07,66.6,407.3333333,0.666666667,1173,58
Au0.98Ti0.02,Ca1F2,10.86,136.48,9.84,0,4.51E-07,224.38,407.3333333,0.666666667,1373,98
Ge0.98Ti0.02,Ca1F2,13.8,120.8,9.84,0.37534,4.51E-07,224.38,407.3333333,0.666666667,1273,98
Au0.95Ti0.05,Ca1F2,10.65,137.2,9.6,0,1.13E-06,223.45,407.3333333,0.666666667,1373,97
Ge0.96Ti0.04,Ca1F2,13.6,121.6,9.68,0.36768,9.01E-07,223.76,407.3333333,0.666666667,1373,99
Ga0.99Ti0.01,Ca1F2,12.91,122.38,9.92,0,2.25E-07,65.3,407.3333333,0.666666667,1173,80
Ga0.97Ti0.03,Ca1F2,12.73,123.14,9.76,0,6.76E-07,67.9,407.3333333,0.666666667,1173,61
Sn0.955Ti0.045,Ca1F2,13.55,139.945,9.64,0,1.01E-06,143.385,407.3333333,0.666666667,1173,53
In0.995Ti0.005,Ca1F2,12.955,142.09,9.96,0,1.13E-07,139.275,407.3333333,0.666666667,1123,40
In0.985Ti0.015,Ca1F2,12.865,142.27,9.88,0,3.38E-07,139.825,407.3333333,0.666666667,1123,37
In0.97Ti0.03,Ca1F2,12.73,142.54,9.76,0,6.76E-07,140.65,407.3333333,0.666666667,1123,29
Cu,Ca1F2,11,132,10,0,0,225,407.3333333,0.666666667,1423,112
Cu0.95Ti0.05,Ca1F2,10.65,133.4,9.6,0,1.13E-06,223.45,407.3333333,0.666666667,1423,109
Cu0.85Ti0.15,Ca1F2,9.95,136.2,8.8,0,3.38E-06,220.35,407.3333333,0.666666667,1423,110
Cu0.75Ti0.25,Ca1F2,9.25,139,8,0,5.63E-06,217.25,407.3333333,0.666666667,1423,110
Cu0.6Ti0.4,Ca1F2,8.2,143.2,6.8,0,9.01E-06,212.6,407.3333333,0.666666667,1423,113
Ga,Sr1F2,13,122,10,0,0,64,385.6666667,0.666666667,373,144.9
Ga,Sr1F2,13,122,10,0,0,64,385.6666667,0.666666667,473,140
Ga,Sr1F2,13,122,10,0,0,64,385.6666667,0.666666667,573,136.2
Ga,Sr1F2,13,122,10,0,0,64,385.6666667,0.666666667,673,133.2
Ga,Sr1F2,13,122,10,0,0,64,385.6666667,0.666666667,773,129
Ga,Sr1F2,13,122,10,0,0,64,385.6666667,0.666666667,873,126.3
Ga,Sr1F2,13,122,10,0,0,64,385.6666667,0.666666667,973,123.3
Ga,Sr1F2,13,122,10,0,0,64,385.6666667,0.666666667,1073,119.2
Ga,Sr1F2,13,122,10,0,0,64,385.6666667,0.666666667,1173,117
In,Sr1F2,13,142,10,0,0,139,385.6666667,0.666666667,473,157.8
In,Sr1F2,13,142,10,0,0,139,385.6666667,0.666666667,573,154.8
In,Sr1F2,13,142,10,0,0,139,385.6666667,0.666666667,673,149.9
In,Sr1F2,13,142,10,0,0,139,385.6666667,0.666666667,773,143.8
In,Sr1F2,13,142,10,0,0,139,385.6666667,0.666666667,873,140
In,Sr1F2,13,142,10,0,0,139,385.6666667,0.666666667,973,135.9
In,Sr1F2,13,142,10,0,0,139,385.6666667,0.666666667,1073,133.2
Sn,Sr1F2,14,139,10,0,0,141,385.6666667,0.666666667,523,156.2
Sn,Sr1F2,14,139,10,0,0,141,385.6666667,0.666666667,573,152.6
Sn,Sr1F2,14,139,10,0,0,141,385.6666667,0.666666667,673,145.8
Sn,Sr1F2,14,139,10,0,0,141,385.6666667,0.666666667,773,142.2
Sn,Sr1F2,14,139,10,0,0,141,385.6666667,0.666666667,873,135.1
Sn,Sr1F2,14,139,10,0,0,141,385.6666667,0.666666667,973,133.2
Sn,Sr1F2,14,139,10,0,0,141,385.6666667,0.666666667,1073,126
Sn,Sr1F2,14,139,10,0,0,141,385.6666667,0.666666667,1173,121.1
Sn,Sr1F2,14,139,10,0,0,141,385.6666667,0.666666667,1273,118.1
Sn,Sr1F2,14,139,10,0,0,141,385.6666667,0.666666667,1373,115.9
Sn,Sr1F2,14,139,10,0,0,141,385.6666667,0.666666667,1423,112.1
Pb,Sr1F2,14,146,10,0,0,225,385.6666667,0.666666667,623,134
Pb,Sr1F2,14,146,10,0,0,225,385.6666667,0.666666667,673,131.2
Pb,Sr1F2,14,146,10,0,0,225,385.6666667,0.666666667,773,127.9
Pb,Sr1F2,14,146,10,0,0,225,385.6666667,0.666666667,873,124.9
Pb,Sr1F2,14,146,10,0,0,225,385.6666667,0.666666667,973,122.5
Pb,Sr1F2,14,146,10,0,0,225,385.6666667,0.666666667,1073,117
Al,Sr1F2,13,121,0,0,0,225,385.6666667,0.666666667,973,121.9
Al,Sr1F2,13,121,0,0,0,225,385.6666667,0.666666667,1073,115.9
Al,Sr1F2,13,121,0,0,0,225,385.6666667,0.666666667,1173,109.9
Al,Sr1F2,13,121,0,0,0,225,385.6666667,0.666666667,1273,100.3
Ag,Sr1F2,11,145,10,0,0,225,385.6666667,0.666666667,1273,130.1
Ag,Sr1F2,11,145,10,0,0,225,385.6666667,0.666666667,1373,124.4
Ag,Sr1F2,11,145,10,0,0,225,385.6666667,0.666666667,1423,120.3
Au,Sr1F2,11,136,10,0,0,225,385.6666667,0.666666667,1373,132.9
Au,Sr1F2,11,136,10,0,0,225,385.6666667,0.666666667,1423,126.3
Cu,Sr1F2,11,132,10,0,0,225,385.6666667,0.666666667,1373,140
Cu,Sr1F2,11,132,10,0,0,225,385.6666667,0.666666667,1423,133.2
Cu,Sr1F2,11,132,10,0,0,225,385.6666667,0.666666667,1473,126
In,Ca1F2,13,142,10,0,0,139,407.3333333,0.666666667,973,138
In,Sr1F2,13,142,10,0,0,139,385.6666667,0.666666667,973,136.2
In,Ba1F2,13,142,10,0,0,139,369,0.666666667,973,132.2
In,Mg1F2,13,142,10,0,0,139,343.3333333,0.666666667,973,126.4
Cu,Ca1F2,11,132,10,0,0,225,407.3333333,0.666666667,1423,135
Cu,Sr1F2,11,132,10,0,0,225,385.6666667,0.666666667,1423,133.1
Cu,Ba1F2,11,132,10,0,0,225,369,0.666666667,1423,130.3
Cu,Mg1F2,11,132,10,0,0,225,343.3333333,0.666666667,1423,121.6
Au,Ca1F2,11,136,10,0,0,225,407.3333333,0.666666667,1423,128.2
Au,Sr1F2,11,136,10,0,0,225,385.6666667,0.666666667,1423,126.2
Au,Ba1F2,11,136,10,0,0,225,369,0.666666667,1423,120.5
Au,Mg1F2,11,136,10,0,0,225,343.3333333,0.666666667,1423,115.7
Ag,Ca1F2,11,145,10,0,0,225,407.3333333,0.666666667,1373,125.9
Ag,Sr1F2,11,145,10,0,0,225,385.6666667,0.666666667,1373,124.1
Ag,Ba1F2,11,145,10,0,0,225,369,0.666666667,1373,118.4
Ag,Mg1F2,11,145,10,0,0,225,343.3333333,0.666666667,1373,114.5
Ga,Ca1F2,13,122,10,0,0,64,407.3333333,0.666666667,1073,123
Ga,Sr1F2,13,122,10,0,0,64,385.6666667,0.666666667,1073,122.4
Ga,Ba1F2,13,122,10,0,0,64,369,0.666666667,1073,112.4
Ga,Mg1F2,13,122,10,0,0,64,343.3333333,0.666666667,1073,108.6
Pb,Ca1F2,14,146,10,0,0,225,407.3333333,0.666666667,973,122
Pb,Sr1F2,14,146,10,0,0,225,385.6666667,0.666666667,973,119.2
Pb,Ba1F2,14,146,10,0,0,225,369,0.666666667,973,116.3
Pb,Mg1F2,14,146,10,0,0,225,343.3333333,0.666666667,973,111.7
Sn,Ca1F2,14,139,10,0,0,141,407.3333333,0.666666667,1373,118
Sn,Sr1F2,14,139,10,0,0,141,385.6666667,0.666666667,1373,116.2
Sn,Ba1F2,14,139,10,0,0,141,369,0.666666667,1373,110.6
Sn,Mg1F2,14,139,10,0,0,141,343.3333333,0.666666667,1373,107.3
Al,Sr1F2,13,121,0,0,0,225,385.6666667,0.666666667,1273,100.3
Al,Ba1F2,13,121,0,0,0,225,369,0.666666667,1273,98.4
Al,Mg1F2,13,121,0,0,0,225,343.3333333,0.666666667,1273,95.6
Cu0.638Ti0.362,Mg1F2,8.466,142.136,7.104,0,8.16E-06,213.778,343.3333333,0.666666667,1423,118
Cu0.244Ti0.756,Ba1F2,5.708,153.168,3.952,0,1.70E-05,201.564,369,0.666666667,1473,123
Ni0.259Ti0.741,Ba1F2,5.554,150.676,3.554,0,0.154223925,202.029,369,0.666666667,1473,111
Cu0.427Ti0.573,Sr1F2,6.989,148.044,5.416,0,1.29E-05,207.237,385.6666667,0.666666667,1473,119
Cu0.589Zr0.411,Sr1F2,8.123,149.673,6.712,0,0,212.259,385.6666667,0.666666667,1473,110
Ni0.259Ti0.741,Sr1F2,5.554,150.676,3.554,0,0.154223925,202.029,385.6666667,0.666666667,1473,114
Ni0.4Zr0.6,Sr1F2,6.4,154.6,4.4,0,0.23815788,206.4,385.6666667,0.666666667,1523,119
Cu0.427Ti0.573,Ca1F2,6.989,148.044,5.416,0,1.29E-05,207.237,407.3333333,0.666666667,1473,116
Cu0.589Zr0.411,Ca1F2,8.123,149.673,6.712,0,0,212.259,407.3333333,0.666666667,1473,108
Ni0.259Ti0.741,Ca1F2,5.554,150.676,3.554,0,0.154223925,202.029,407.3333333,0.666666667,1473,111
Ni0.4Zr0.6,Ca1F2,6.4,154.6,4.4,0,0.23815788,206.4,407.3333333,0.666666667,1523,124
Al,Ca1F2,13,121,0,0,0,225,407.3333333,0.666666667,973,131.3
Al,Ca1F2,13,121,0,0,0,225,407.3333333,0.666666667,1073,118.4
Al,Ca1F2,13,121,0,0,0,225,407.3333333,0.666666667,1173,111.3
Al,Ca1F2,13,121,0,0,0,225,407.3333333,0.666666667,1273,102.2
Al,Ca1F2,13,121,0,0,0,225,407.3333333,0.666666667,1373,101.2
Al,Ca1F2,13,121,0,0,0,225,407.3333333,0.666666667,1423,123.5
Al,Ca1F2,13,121,0,0,0,225,407.3333333,0.666666667,1523,133.6
Al,Sr1F2,13,121,0,0,0,225,385.6666667,0.666666667,973,122
Al,Sr1F2,13,121,0,0,0,225,385.6666667,0.666666667,1073,116.1
Al,Sr1F2,13,121,0,0,0,225,385.6666667,0.666666667,1173,108.6
Al,Sr1F2,13,121,0,0,0,225,385.6666667,0.666666667,1273,100.2
Al,Sr1F2,13,121,0,0,0,225,385.6666667,0.666666667,1373,98.7
Al,Sr1F2,13,121,0,0,0,225,385.6666667,0.666666667,1423,119.5
Al,Sr1F2,13,121,0,0,0,225,385.6666667,0.666666667,1523,130.4
Sn0.952Ti0.048,Ca1F2,13.52,140.008,9.616,0,1.08E-06,143.544,407.3333333,0.666666667,973,65
Sn0.952Ti0.048,Ca1F2,13.52,140.008,9.616,0,1.08E-06,143.544,407.3333333,0.666666667,1173,32
Sn0.952Ti0.048,Ca1F2,13.52,140.008,9.616,0,1.08E-06,143.544,407.3333333,0.666666667,1273,28
Sn0.952Ti0.048,Ca1F2,13.52,140.008,9.616,0,1.08E-06,143.544,407.3333333,0.666666667,1373,88
Sn0.952Ti0.048,Sr1F2,13.52,140.008,9.616,0,1.08E-06,143.544,385.6666667,0.666666667,973,65
Sn0.952Ti0.048,Sr1F2,13.52,140.008,9.616,0,1.08E-06,143.544,385.6666667,0.666666667,1173,32
Sn0.952Ti0.048,Sr1F2,13.52,140.008,9.616,0,1.08E-06,143.544,385.6666667,0.666666667,1273,28
Sn0.952Ti0.048,Sr1F2,13.52,140.008,9.616,0,1.08E-06,143.544,385.6666667,0.666666667,1373,88
Cu0.66Ti0.34,Ca1F2,8.62,141.52,7.28,0,7.66E-06,214.46,407.3333333,0.666666667,1173,87.2
Cu0.66Ti0.34,Ca1F2,8.62,141.52,7.28,0,7.66E-06,214.46,407.3333333,0.666666667,1223,82.4
Cu0.66Ti0.34,Ca1F2,8.62,141.52,7.28,0,7.66E-06,214.46,407.3333333,0.666666667,1273,90.7
Cu0.66Ti0.34,Ca1F2,8.62,141.52,7.28,0,7.66E-06,214.46,407.3333333,0.666666667,1323,108.7
Cu0.66Ti0.34,Ca1F2,8.62,141.52,7.28,0,7.66E-06,214.46,407.3333333,0.666666667,1373,116.6
Cu0.66Ti0.34,Sr1F2,8.62,141.52,7.28,0,7.66E-06,214.46,385.6666667,0.666666667,1173,82.7
Cu0.66Ti0.34,Sr1F2,8.62,141.52,7.28,0,7.66E-06,214.46,385.6666667,0.666666667,1223,79.7
Cu0.66Ti0.34,Sr1F2,8.62,141.52,7.28,0,7.66E-06,214.46,385.6666667,0.666666667,1273,88
Cu0.66Ti0.34,Sr1F2,8.62,141.52,7.28,0,7.66E-06,214.46,385.6666667,0.666666667,1323,105.6
Cu0.66Ti0.34,Sr1F2,8.62,141.52,7.28,0,7.66E-06,214.46,385.6666667,0.666666667,1373,113.4
Sn0.98Ti0.02,Mg1F2,13.8,139.42,9.84,0,4.51E-07,142.06,343.3333333,0.666666667,973,56
Sn0.98Ti0.02,Mg1F2,13.8,139.42,9.84,0,4.51E-07,142.06,343.3333333,0.666666667,1173,107
Sn0.98Ti0.02,Ba1F2,13.8,139.42,9.84,0,4.51E-07,142.06,369,0.666666667,973,64
Sn0.98Ti0.02,Ba1F2,13.8,139.42,9.84,0,4.51E-07,142.06,369,0.666666667,1173,31
Sn0.98Ti0.02,Ba1F2,13.8,139.42,9.84,0,4.51E-07,142.06,369,0.666666667,1273,67
Sn0.98Ti0.02,Ca1F2,13.8,139.42,9.84,0,4.51E-07,142.06,407.3333333,0.666666667,973,97
Sn0.98Ti0.02,Ca1F2,13.8,139.42,9.84,0,4.51E-07,142.06,407.3333333,0.666666667,1173,67
Sn0.98Ti0.02,Ca1F2,13.8,139.42,9.84,0,4.51E-07,142.06,407.3333333,0.666666667,1273,34
Sn0.98Ti0.02,Ca1F2,13.8,139.42,9.84,0,4.51E-07,142.06,407.3333333,0.666666667,1373,92
Cu0.637Ti0.363,Mg1F2,8.459,142.164,7.096,0,8.18E-06,213.747,343.3333333,0.666666667,1423,118
Ni0.752Hf0.248,Mg1F2,8.512,136.648,6.512,0,0.447736814,217.312,343.3333333,0.666666667,1423,120
Cu0.737Hf0.263,Ba1F2,9.159,143.309,7.896,0,0,216.847,369,0.666666667,1473,110
Cu0.43Ti0.57,Ca1F2,7.01,147.96,5.44,0,1.28E-05,207.33,407.3333333,0.666666667,1423,119
Cu0.455Ti0.482Zr0.063,Ca1F2,7.185,148.205,5.64,0,1.09E-05,208.105,407.3333333,0.666666667,1473,132
Cu,Al2O3,11,132,10,0,0,225,406.268,3.2,1423,132.4
Cu0.992Ti0.008,Al2O3,10.944,132.224,9.936,0,1.80E-07,224.752,406.268,3.2,1423,91
Cu0.977Ti0.023,Al2O3,10.839,132.644,9.816,0,5.18E-07,224.287,406.268,3.2,1423,51.3
Cu0.969Ti0.031,Al2O3,10.783,132.868,9.752,0,6.99E-07,224.039,406.268,3.2,1423,40.7
Cu0.96Ti0.04,Al2O3,10.72,133.12,9.68,0,9.01E-07,223.76,406.268,3.2,1423,32.3
Cu0.948Ti0.052,Al2O3,10.636,133.456,9.584,0,1.17E-06,223.388,406.268,3.2,1423,27.3
Cu0.937Ti0.063,Al2O3,10.559,133.764,9.496,0,1.42E-06,223.047,406.268,3.2,1423,22.8
Cu0.927Ti0.073,Al2O3,10.489,134.044,9.416,0,1.64E-06,222.737,406.268,3.2,1423,17.2
Cu0.915Ti0.085,Al2O3,10.405,134.38,9.32,0,1.92E-06,222.365,406.268,3.2,1423,13.8
Cu0.908Ti0.092,Al2O3,10.356,134.576,9.264,0,2.07E-06,222.148,406.268,3.2,1423,11.6
Sn,Mg1F2,14,139,10,0,0,141,343.3333333,0.666666667,577,141
Sn,Mg1F2,14,139,10,0,0,141,343.3333333,0.666666667,674,136.4
Sn,Mg1F2,14,139,10,0,0,141,343.3333333,0.666666667,777,134.3
Sn,Mg1F2,14,139,10,0,0,141,343.3333333,0.666666667,880,128
Sn,Mg1F2,14,139,10,0,0,141,343.3333333,0.666666667,974,124.9
Sn,Mg1F2,14,139,10,0,0,141,343.3333333,0.666666667,1080,119.2
Sn,Mg1F2,14,139,10,0,0,141,343.3333333,0.666666667,1178,115.3
Sn,Mg1F2,14,139,10,0,0,141,343.3333333,0.666666667,1278,114.4
Sn,Mg1F2,14,139,10,0,0,141,343.3333333,0.666666667,1378,109.5
In,Mg1F2,13,142,10,0,0,139,343.3333333,0.666666667,473,148.3
In,Mg1F2,13,142,10,0,0,139,343.3333333,0.666666667,573,144.1
In,Mg1F2,13,142,10,0,0,139,343.3333333,0.666666667,673,143.4
In,Mg1F2,13,142,10,0,0,139,343.3333333,0.666666667,773,139.4
In,Mg1F2,13,142,10,0,0,139,343.3333333,0.666666667,873,130.1
In,Mg1F2,13,142,10,0,0,139,343.3333333,0.666666667,973,127.3
In,Mg1F2,13,142,10,0,0,139,343.3333333,0.666666667,1073,122.5
Ga,Mg1F2,13,122,10,0,0,64,343.3333333,0.666666667,373,131.7
Ga,Mg1F2,13,122,10,0,0,64,343.3333333,0.666666667,473,127.9
Ga,Mg1F2,13,122,10,0,0,64,343.3333333,0.666666667,573,126.8
Ga,Mg1F2,13,122,10,0,0,64,343.3333333,0.666666667,673,123
Ga,Mg1F2,13,122,10,0,0,64,343.3333333,0.666666667,773,120.9
Ga,Mg1F2,13,122,10,0,0,64,343.3333333,0.666666667,873,116.7
Ga,Mg1F2,13,122,10,0,0,64,343.3333333,0.666666667,973,116.2
Ga,Mg1F2,13,122,10,0,0,64,343.3333333,0.666666667,1073,112.2
Ga,Mg1F2,13,122,10,0,0,64,343.3333333,0.666666667,1173,110.3
Al,Mg1F2,13,121,0,0,0,225,343.3333333,0.666666667,973,111.5
Al,Mg1F2,13,121,0,0,0,225,343.3333333,0.666666667,1073,104.2
Al,Mg1F2,13,121,0,0,0,225,343.3333333,0.666666667,1173,103.1
Al,Mg1F2,13,121,0,0,0,225,343.3333333,0.666666667,1273,95.4
Cu,Mg1F2,11,132,10,0,0,225,343.3333333,0.666666667,1373,133.1
Cu,Mg1F2,11,132,10,0,0,225,343.3333333,0.666666667,1433,123.1
Au,Mg1F2,11,136,10,0,0,225,343.3333333,0.666666667,1383,122.5
Ag,Mg1F2,11,145,10,0,0,225,343.3333333,0.666666667,1283,120.7
Sn,Ba1F2,14,139,10,0,0,141,369,0.666666667,573,144.1
Sn,Ba1F2,14,139,10,0,0,141,369,0.666666667,673,139.8
Sn,Ba1F2,14,139,10,0,0,141,369,0.666666667,773,134.6
Sn,Ba1F2,14,139,10,0,0,141,369,0.666666667,873,132.1
Sn,Ba1F2,14,139,10,0,0,141,369,0.666666667,973,125.1
Sn,Ba1F2,14,139,10,0,0,141,369,0.666666667,1073,124
Sn,Ba1F2,14,139,10,0,0,141,369,0.666666667,1173,117.7
Sn,Ba1F2,14,139,10,0,0,141,369,0.666666667,1273,115.4
Sn,Ba1F2,14,139,10,0,0,141,369,0.666666667,1373,109.9
In,Ba1F2,13,142,10,0,0,139,369,0.666666667,473,150.3
In,Ba1F2,13,142,10,0,0,139,369,0.666666667,573,147.1
In,Ba1F2,13,142,10,0,0,139,369,0.666666667,673,144.8
In,Ba1F2,13,142,10,0,0,139,369,0.666666667,773,139.9
In,Ba1F2,13,142,10,0,0,139,369,0.666666667,873,138.1
In,Ba1F2,13,142,10,0,0,139,369,0.666666667,973,132.1
Ga,Ba1F2,13,122,10,0,0,64,369,0.666666667,373,139.9
Ga,Ba1F2,13,122,10,0,0,64,369,0.666666667,473,137.6
Ga,Ba1F2,13,122,10,0,0,64,369,0.666666667,573,134.7
Ga,Ba1F2,13,122,10,0,0,64,369,0.666666667,673,131
Ga,Ba1F2,13,122,10,0,0,64,369,0.666666667,773,126.1
Ga,Ba1F2,13,122,10,0,0,64,369,0.666666667,873,123.3
Ga,Ba1F2,13,122,10,0,0,64,369,0.666666667,973,120.4
Ga,Ba1F2,13,122,10,0,0,64,369,0.666666667,1073,118.3
Ga,Ba1F2,13,122,10,0,0,64,369,0.666666667,1173,115.2
Al,Ba1F2,13,121,0,0,0,225,369,0.666666667,973,117
Al,Ba1F2,13,121,0,0,0,225,369,0.666666667,1073,112.2
Al,Ba1F2,13,121,0,0,0,225,369,0.666666667,1173,105.2
Al,Ba1F2,13,121,0,0,0,225,369,0.666666667,1273,98
Cu,Ba1F2,11,132,10,0,0,225,369,0.666666667,1373,135.6
Cu,Ba1F2,11,132,10,0,0,225,369,0.666666667,1423,130.6
Au,Ba1F2,11,136,10,0,0,225,369,0.666666667,1373,129.6
Ag,Ba1F2,11,145,10,0,0,225,369,0.666666667,1273,129.2
Sn,Ca1F2,14,139,10,0,0,141,407.3333333,0.666666667,573,155
Sn,Ca1F2,14,139,10,0,0,141,407.3333333,0.666666667,673,147.2
Sn,Ca1F2,14,139,10,0,0,141,407.3333333,0.666666667,773,143
Sn,Ca1F2,14,139,10,0,0,141,407.3333333,0.666666667,873,138.9
Sn,Ca1F2,14,139,10,0,0,141,407.3333333,0.666666667,973,136.6
Sn,Ca1F2,14,139,10,0,0,141,407.3333333,0.666666667,1073,130.9
Sn,Ca1F2,14,139,10,0,0,141,407.3333333,0.666666667,1173,126
Sn,Ca1F2,14,139,10,0,0,141,407.3333333,0.666666667,1273,120.9
Sn,Ca1F2,14,139,10,0,0,141,407.3333333,0.666666667,1373,118.9
In,Ca1F2,13,142,10,0,0,139,407.3333333,0.666666667,473,158.9
In,Ca1F2,13,142,10,0,0,139,407.3333333,0.666666667,573,156.4
In,Ca1F2,13,142,10,0,0,139,407.3333333,0.666666667,673,152.3
In,Ca1F2,13,142,10,0,0,139,407.3333333,0.666666667,773,146.6
In,Ca1F2,13,142,10,0,0,139,407.3333333,0.666666667,873,141.5
In,Ca1F2,13,142,10,0,0,139,407.3333333,0.666666667,973,138.8
In,Ca1F2,13,142,10,0,0,139,407.3333333,0.666666667,1073,135.8
Ga,Ca1F2,13,122,10,0,0,64,407.3333333,0.666666667,373,147.1
Ga,Ca1F2,13,122,10,0,0,64,407.3333333,0.666666667,473,142
Ga,Ca1F2,13,122,10,0,0,64,407.3333333,0.666666667,573,141.2
Ga,Ca1F2,13,122,10,0,0,64,407.3333333,0.666666667,673,137.2
Ga,Ca1F2,13,122,10,0,0,64,407.3333333,0.666666667,773,135.7
Ga,Ca1F2,13,122,10,0,0,64,407.3333333,0.666666667,873,131.8
Ga,Ca1F2,13,122,10,0,0,64,407.3333333,0.666666667,973,126.9
Ga,Ca1F2,13,122,10,0,0,64,407.3333333,0.666666667,1073,122.8
Ga,Ca1F2,13,122,10,0,0,64,407.3333333,0.666666667,1173,121
Cu,Ca1F2,11,132,10,0,0,225,407.3333333,0.666666667,1373,141.2
Cu,Ca1F2,11,132,10,0,0,225,407.3333333,0.666666667,1433,135.8
Au,Ca1F2,11,136,10,0,0,225,407.3333333,0.666666667,1373,135.8
Ag,Ca1F2,11,145,10,0,0,225,407.3333333,0.666666667,1273,133.5
Al0.778Si0.124Mg0.098,Si1O2,12.046,121.72,0,0.095852,0,222.21,598.8666667,2.666666667,1473,85
Al0.778Si0.124Mg0.098,Si1O2,12.046,121.72,0,0.095852,0,222.21,598.8666667,2.666666667,1473,77
Al0.724Si0.124Mg0.152,Si1O2,11.452,122.8,0,0.095852,0,220.536,598.8666667,2.666666667,1473,73
Al0.724Si0.124Mg0.152,Si1O2,11.452,122.8,0,0.095852,0,220.536,598.8666667,2.666666667,1473,68
Al0.778Si0.124Mg0.098,Si1O2,12.046,121.72,0,0.095852,0,222.21,598.8666667,2.666666667,923,125.8
Al0.778Si0.124Mg0.098,Si1O2,12.046,121.72,0,0.095852,0,222.21,598.8666667,2.666666667,1023,125
Al0.778Si0.124Mg0.098,Si1O2,12.046,121.72,0,0.095852,0,222.21,598.8666667,2.666666667,1123,122
Al0.778Si0.124Mg0.098,Si1O2,12.046,121.72,0,0.095852,0,222.21,598.8666667,2.666666667,1223,119.7
Al0.778Si0.124Mg0.098,Si1O2,12.046,121.72,0,0.095852,0,222.21,598.8666667,2.666666667,1323,117.7
Al0.778Si0.124Mg0.098,Si1O2,12.046,121.72,0,0.095852,0,222.21,598.8666667,2.666666667,1373,99.2
Al0.778Si0.124Mg0.098,Si1O2,12.046,121.72,0,0.095852,0,222.21,598.8666667,2.666666667,923,125.7
Al0.778Si0.124Mg0.098,Si1O2,12.046,121.72,0,0.095852,0,222.21,598.8666667,2.666666667,1223,118.1
Al0.778Si0.124Mg0.098,Si1O2,12.046,121.72,0,0.095852,0,222.21,598.8666667,2.666666667,1323,116.6
Al0.778Si0.124Mg0.098,Si1O2,12.046,121.72,0,0.095852,0,222.21,598.8666667,2.666666667,1373,94.1
Al0.724Si0.124Mg0.152,Si1O2,11.452,122.8,0,0.095852,0,220.536,598.8666667,2.666666667,923,125.7
Al0.724Si0.124Mg0.152,Si1O2,11.452,122.8,0,0.095852,0,220.536,598.8666667,2.666666667,1023,122.2
Al0.724Si0.124Mg0.152,Si1O2,11.452,122.8,0,0.095852,0,220.536,598.8666667,2.666666667,1123,106.2
Al0.724Si0.124Mg0.152,Si1O2,11.452,122.8,0,0.095852,0,220.536,598.8666667,2.666666667,1223,100.1
Al0.724Si0.124Mg0.152,Si1O2,11.452,122.8,0,0.095852,0,220.536,598.8666667,2.666666667,1323,96.6
Al0.724Si0.124Mg0.152,Si1O2,11.452,122.8,0,0.095852,0,220.536,598.8666667,2.666666667,1373,89.2
Al0.724Si0.124Mg0.152,Si1O2,11.452,122.8,0,0.095852,0,220.536,598.8666667,2.666666667,1023,118.2
Al0.724Si0.124Mg0.152,Si1O2,11.452,122.8,0,0.095852,0,220.536,598.8666667,2.666666667,1123,101.9
Al0.724Si0.124Mg0.152,Si1O2,11.452,122.8,0,0.095852,0,220.536,598.8666667,2.666666667,1223,96.1
Al0.724Si0.124Mg0.152,Si1O2,11.452,122.8,0,0.095852,0,220.536,598.8666667,2.666666667,1323,91.1
Al0.724Si0.124Mg0.152,Si1O2,11.452,122.8,0,0.095852,0,220.536,598.8666667,2.666666667,1373,85
Fe,Al2O3Si1O2,8,132,6,0,2.1106628,229,478.4925,3,1873,77
Fe,Al2O3Si1O2,8,132,6,0,2.1106628,229,478.4925,3,1823,105
Fe,Al2O3Si1O2,8,132,6,0,2.1106628,229,478.4925,3,1823,79
Ag,Si1O2,11,145,10,0,0,225,598.8666667,2.666666667,1173,96
Ag0.49Cu0.49Ti0.02,Si1O2,10.86,138.93,9.84,0,4.51E-07,224.38,598.8666667,2.666666667,1173,12
Ag0.47Cu0.49Ti0.04,Si1O2,10.72,139.23,9.68,0,9.01E-07,223.76,598.8666667,2.666666667,1173,10
Ag0.432Cu0.49Ti0.078,Si1O2,10.454,139.8,9.376,0,1.76E-06,222.582,598.8666667,2.666666667,1173,10
Ag0.47Cu0.49Ti0.04,Si1O2,10.72,139.23,9.68,0,9.01E-07,223.76,598.8666667,2.666666667,1123,10
Ag0.47Cu0.49Ti0.04,Si1O2,10.72,139.23,9.68,0,9.01E-07,223.76,598.8666667,2.666666667,1223,10
Cu,Si1O2,11,132,10,0,0,225,598.8666667,2.666666667,1473,117
Cu0.95Al0.05,Si1O2,11.1,131.45,9.5,0,0,225,598.8666667,2.666666667,1473,117
Cu0.85Al0.15,Si1O2,11.3,130.35,8.5,0,0,225,598.8666667,2.666666667,1473,116
Cu0.7Al0.3,Si1O2,11.6,128.7,7,0,0,225,598.8666667,2.666666667,1473,114
Cu0.5Al0.5,Si1O2,12,126.5,5,0,0,225,598.8666667,2.666666667,1473,95
Cu,Al2O3,11,132,10,0,0,225,406.268,3.2,1473,119.1
Cu0.95Al0.05,Al2O3,11.1,131.45,9.5,0,0,225,406.268,3.2,1473,107.3
Cu0.85Al0.15,Al2O3,11.3,130.35,8.5,0,0,225,406.268,3.2,1473,107.6
Cu0.7Al0.3,Al2O3,11.6,128.7,7,0,0,225,406.268,3.2,1473,113.9
Cu0.5Al0.5,Al2O3,12,126.5,5,0,0,225,406.268,3.2,1473,100.9
Cu,Al2O3,11,132,10,0,0,225,406.268,3.2,1473,115.7
Cu0.95Al0.05,Al2O3,11.1,131.45,9.5,0,0,225,406.268,3.2,1473,108.9
Cu0.85Al0.15,Al2O3,11.3,130.35,8.5,0,0,225,406.268,3.2,1473,108.3
Cu0.7Al0.3,Al2O3,11.6,128.7,7,0,0,225,406.268,3.2,1473,109.4
Cu0.5Al0.5,Al2O3,12,126.5,5,0,0,225,406.268,3.2,1473,99.1
Al,Si1O2,13,121,0,0,0,225,598.8666667,2.666666667,1073,94
Al,Si1O2,13,121,0,0,0,225,598.8666667,2.666666667,1173,96
Al,Si1O2,13,121,0,0,0,225,598.8666667,2.666666667,1273,88
Al,Si1O2,13,121,0,0,0,225,598.8666667,2.666666667,1323,64
Al,Si1O2,13,121,0,0,0,225,598.8666667,2.666666667,1373,56
Al,Si1O2,13,121,0,0,0,225,598.8666667,2.666666667,1423,47
Al,Si1O2,13,121,0,0,0,225,598.8666667,2.666666667,1473,45
Al,Si1O2,13,121,0,0,0,225,598.8666667,2.666666667,1523,37
Al,Si1O2,13,121,0,0,0,225,598.8666667,2.666666667,973,148
Al,Si1O2,13,121,0,0,0,225,598.8666667,2.666666667,973,112
Al,Si1O2,13,121,0,0,0,225,598.8666667,2.666666667,1023,140
Al,Si1O2,13,121,0,0,0,225,598.8666667,2.666666667,1073,88
Al,Si1O2,13,121,0,0,0,225,598.8666667,2.666666667,1073,67
Al,Si1O2,13,121,0,0,0,225,598.8666667,2.666666667,1073,106
Al,Si1O2,13,121,0,0,0,225,598.8666667,2.666666667,1123,95
Al,Si1O2,13,121,0,0,0,225,598.8666667,2.666666667,1123,68
Al,Si1O2,13,121,0,0,0,225,598.8666667,2.666666667,1173,70
Al,Si1O2,13,121,0,0,0,225,598.8666667,2.666666667,1173,93
Al,Si1O2,13,121,0,0,0,225,598.8666667,2.666666667,1223,76
Fe,Al2O3,8,132,6,0,2.1106628,229,406.268,3.2,1823,128
Fe,Al2O3,8,132,6,0,2.1106628,229,406.268,3.2,1823,124
Fe,Al2O3,8,132,6,0,2.1106628,229,406.268,3.2,1823,121
Fe,Al2O3,8,132,6,0,2.1106628,229,406.268,3.2,1823,68
Fe,Al2O3,8,132,6,0,2.1106628,229,406.268,3.2,1823,71
Fe,Al2O3,8,132,6,0,2.1106628,229,406.268,3.2,1833,114
Fe,Al2O3Si1O2,8,132,6,0,2.1106628,229,478.4925,3,1873,78
Ni,Al2O3,10,124,8,0,0.5953947,225,406.268,3.2,1773,119.8
Ni,Al2O3,10,124,8,0,0.5953947,225,406.268,3.2,1773,114
Ni,Al2O3,10,124,8,0,0.5953947,225,406.268,3.2,1773,111.4
Ni,Al2O3,10,124,8,0,0.5953947,225,406.268,3.2,1773,105.7
Ni0.983Al0.017,Al2O3,10.051,123.949,7.864,0,0.58527299,225,406.268,3.2,1773,100.2
Ni0.971Al0.029,Al2O3,10.087,123.913,7.768,0,0.578128254,225,406.268,3.2,1773,95.1
Ni0.749Al0.251,Al2O3,10.753,123.247,5.992,0,0.44595063,225,406.268,3.2,1773,82.7
Ni0.632Al0.368,Al2O3,11.104,122.896,5.056,0,0.37628945,225,406.268,3.2,1773,76
Ni0.603Al0.397,Al2O3,11.191,122.809,4.824,0,0.359023004,225,406.268,3.2,1773,75.4
Ni0.505Al0.495,Al2O3,11.485,122.515,4.04,0,0.300674324,225,406.268,3.2,1773,76.7
Ni0.081Al0.919,Al2O3,12.757,121.243,0.648,0,0.048226971,225,406.268,3.2,1773,75.6
Ni0.053Al0.947,Al2O3,12.841,121.159,0.424,0,0.031555919,225,406.268,3.2,1773,65.3
Al,Al2O3,13,121,0,0,0,225,406.268,3.2,1773,74
Al,Al2O3,13,121,0,0,0,225,406.268,3.2,1773,70.5
Al,Al2O3,13,121,0,0,0,225,406.268,3.2,1773,64.7
Al,Al2O3,13,121,0,0,0,225,406.268,3.2,1773,58.6
Fe0.704Cr0.202Ni0.094,Al2O3,7.784,132.662,5.986,0,1.541873713,228.624,406.268,3.2,1748,137.9
Fe0.704Cr0.202Ni0.094,Al2O3,7.784,132.662,5.986,0,1.541873713,228.624,406.268,3.2,1753,127.2
Fe0.704Cr0.202Ni0.094,Al2O3,7.784,132.662,5.986,0,1.541873713,228.624,406.268,3.2,1763,120.4
Fe0.704Cr0.202Ni0.094,Al2O3,7.784,132.662,5.986,0,1.541873713,228.624,406.268,3.2,1773,114.7
Fe0.704Cr0.202Ni0.094,Al2O3,7.784,132.662,5.986,0,1.541873713,228.624,406.268,3.2,1783,107.1
Fe0.704Cr0.202Ni0.094,Al2O3,7.784,132.662,5.986,0,1.541873713,228.624,406.268,3.2,1793,100.7
Fe0.704Cr0.202Ni0.094,Al2O3,7.784,132.662,5.986,0,1.541873713,228.624,406.268,3.2,1803,100
Fe0.704Cr0.202Ni0.094,Al2O3,7.784,132.662,5.986,0,1.541873713,228.624,406.268,3.2,1813,97.6
Fe0.704Cr0.202Ni0.094,Al2O3,7.784,132.662,5.986,0,1.541873713,228.624,406.268,3.2,1823,94.8
Fe0.704Cr0.202Ni0.094,Al2O3,7.784,132.662,5.986,0,1.541873713,228.624,406.268,3.2,1823,97
Fe0.704Cr0.202Ni0.094,Al2O3,7.784,132.662,5.986,0,1.541873713,228.624,406.268,3.2,1823,100
Fe0.704Cr0.202Ni0.094,Al2O3,7.784,132.662,5.986,0,1.541873713,228.624,406.268,3.2,1753,147
Fe0.704Cr0.202Ni0.094,Al2O3,7.784,132.662,5.986,0,1.541873713,228.624,406.268,3.2,1753,103
Fe0.704Cr0.202Ni0.094,Al2O3,7.784,132.662,5.986,0,1.541873713,228.624,406.268,3.2,1753,105
Fe,Mg0.5Al0.5O0.5N0.5,8,132,6,0,2.1106628,229,493.58,2.5,1823,129.7
Fe,Mg0.5Al0.5O0.5N0.5,8,132,6,0,2.1106628,229,493.58,2.5,1838,132.5
Fe,Mg0.5Al0.5O0.5N0.5,8,132,6,0,2.1106628,229,493.58,2.5,1848,130.4
Fe,Mg0.5Al0.5O0.5N0.5,8,132,6,0,2.1106628,229,493.58,2.5,1858,129.9
Fe,Mg0.5Al0.5O0.5N0.5,8,132,6,0,2.1106628,229,493.58,2.5,1873,129.5
Fe,Mg0.5Al0.5O0.5N0.5,8,132,6,0,2.1106628,229,493.58,2.5,1823,97
Fe,Mg0.5Al0.5O0.5N0.5,8,132,6,0,2.1106628,229,493.58,2.5,1823,78
Ni,Al2O3,10,124,8,0,0.5953947,225,406.268,3.2,1743,112
Ni0.9Cr0.1,Al2O3,9.6,125.5,7.7,0,0.53585523,225.4,406.268,3.2,1743,95
Ni0.78Cr0.22,Al2O3,9.12,127.3,7.34,0,0.464407866,225.88,406.268,3.2,1743,90
Ni0.81Fe0.19,Al2O3,9.62,125.52,7.62,0,0.883295639,225.76,406.268,3.2,1743,112
Ni0.632Fe0.148Cr0.22,Al2O3,8.824,128.484,7.044,0,0.688667545,226.472,406.268,3.2,1743,90
Ni0.55Pd0.45,Al2O3,10,130.75,8.9,0,0.327467085,225,406.268,3.2,1523,112
Ni0.549Pd0.351Cr0.1,Al2O3,9.6,130.765,8.402,0,0.32687169,225.4,406.268,3.2,1523,112
Ni0.545Pd0.45Cr0.005,Al2O3,9.98,130.825,8.885,0,0.324490112,225.02,406.268,3.2,1523,108
Ni0.583Pd0.405Cr0.012,Al2O3,9.952,130.255,8.774,0,0.34711511,225.048,406.268,3.2,1523,110
Ni0.499Pd0.448Cr0.053,Al2O3,9.788,131.515,8.737,0,0.297101955,225.212,406.268,3.2,1523,107
Ni0.4Pd0.445Cr0.155,Al2O3,9.38,133,8.425,0,0.23815788,225.62,406.268,3.2,1523,113
Ni,Al2O3,10,124,8,0,0.5953947,225,406.268,3.2,1773,113
Ni0.95Ti0.05,Al2O3,9.7,125.8,7.7,0,0.565626092,223.45,406.268,3.2,1773,83
Ni0.936Ti0.064,Al2O3,9.616,126.304,7.616,0,0.557290881,223.016,406.268,3.2,1773,72
Ni0.871Ti0.129,Al2O3,9.226,128.644,7.226,0,0.518591691,221.001,406.268,3.2,1773,63
Ni0.852Ti0.148,Al2O3,9.112,129.328,7.112,0,0.507279619,220.412,406.268,3.2,1773,61
Ni0.803Ti0.197,Al2O3,8.818,131.092,6.818,0,0.478106383,218.893,406.268,3.2,1773,50
Ni0.74Ti0.26,Al2O3,8.44,133.36,6.44,0,0.440597937,216.94,406.268,3.2,1773,40
Ni0.9Mo0.1,Al2O3,9.6,127,7.7,0,0.53585523,225.4,406.268,3.2,1773,108
Ni0.861Mo0.096Ti0.043,Al2O3,9.358,128.428,7.454,0,0.512635806,224.051,406.268,3.2,1773,88
Ni0.81Mo0.09Ti0.1,Al2O3,9.04,130.3,7.13,0,0.48227196,222.26,406.268,3.2,1773,68
Ni0.78Mo0.087Ti0.133,Al2O3,8.854,131.398,6.941,0,0.464410863,221.225,406.268,3.2,1773,59
Ni0.72Mo0.08Ti0.2,Al2O3,8.48,133.6,6.56,0,0.428688691,219.12,406.268,3.2,1773,46
Ni0.675Mo0.075Ti0.25,Al2O3,8.2,135.25,6.275,0,0.401897056,217.55,406.268,3.2,1773,37
Ni0.8Mo0.2,Al2O3,9.2,130,7.4,0,0.47631576,225.8,406.268,3.2,1773,111
Ni0.786Mo0.196Ti0.018,Al2O3,9.108,130.528,7.304,0,0.46798064,225.226,406.268,3.2,1773,103
Ni0.758Mo0.19Ti0.052,Al2O3,8.928,131.572,7.118,0,0.451310354,224.148,406.268,3.2,1773,92
Ni0.74Mo0.185Ti0.075,Al2O3,8.81,132.25,6.995,0,0.440593768,223.415,406.268,3.2,1773,84
Ni0.717Mo0.179Ti0.104,Al2O3,8.66,133.114,6.839,0,0.426900343,222.492,406.268,3.2,1773,74
Ni0.706Mo0.177Ti0.117,Al2O3,8.59,133.522,6.767,0,0.420351295,222.081,406.268,3.2,1773,74
Ni0.672Mo0.168Ti0.16,Al2O3,8.368,134.8,6.536,0,0.400108844,220.712,406.268,3.2,1773,62
Ni0.666Mo0.167Ti0.167,Al2O3,8.33,135.022,6.497,0,0.396536633,220.491,406.268,3.2,1773,60
Ni0.633Mo0.158Ti0.209,Al2O3,8.114,136.264,6.272,0,0.376889555,219.153,406.268,3.2,1773,49
Ni0.58Mo0.42,Al2O3,8.32,136.6,6.74,0,0.345328926,226.68,406.268,3.2,1773,110
Ni0.572Mo0.414Ti0.014,Al2O3,8.26,136.924,6.674,0,0.340566084,226.222,406.268,3.2,1773,92
Ni0.552Mo0.399Ti0.049,Al2O3,8.11,137.734,6.509,0,0.328658979,225.077,406.268,3.2,1773,72
Ni0.532Mo0.385Ti0.083,Al2O3,7.962,138.538,6.347,0,0.316751851,223.967,406.268,3.2,1773,63
Ni0.521Mo0.377Ti0.102,Al2O3,7.88,138.982,6.257,0,0.310202937,223.346,406.268,3.2,1773,59
Ni0.509Mo0.369Ti0.122,Al2O3,7.792,139.462,6.161,0,0.303058651,222.694,406.268,3.2,1773,54
