,Metal,Substrate,Me_MagpieData mean Number,Me_MagpieData mean MendeleevNumber,Me_MagpieData mean AtomicWeight,Me_MagpieData mean MeltingT,Me_MagpieData mean Column,Me_MagpieData mean Row,Me_MagpieData mean CovalentRadius,Me_MagpieData mean Electronegativity,Me_MagpieData mean NsValence,Me_MagpieData mean NpValence,Me_MagpieData mean NdValence,Me_MagpieData mean NfValence,Me_MagpieData mean NValence,Me_MagpieData mean NsUnfilled,Me_MagpieData mean NpUnfilled,Me_MagpieData mean NdUnfilled,Me_MagpieData mean NUnfilled,Me_MagpieData mean GSvolume_pa,Me_MagpieData mean GSbandgap,Me_MagpieData mean GSmagmom,Me_MagpieData mean SpaceGroupNumber,Ce_MagpieData mean Number,Ce_MagpieData mean MendeleevNumber,Ce_MagpieData mean AtomicWeight,Ce_MagpieData mean MeltingT,Ce_MagpieData mean Column,Ce_MagpieData mean Row,Ce_MagpieData mean CovalentRadius,Ce_MagpieData mean Electronegativity,Ce_MagpieData mean NsValence,Ce_MagpieData mean NpValence,Ce_MagpieData mean NdValence,Ce_MagpieData mean NfValence,Ce_MagpieData mean NValence,Ce_MagpieData mean NsUnfilled,Ce_MagpieData mean NpUnfilled,Ce_MagpieData mean NdUnfilled,Ce_MagpieData mean NfUnfilled,Ce_MagpieData mean NUnfilled,Ce_MagpieData mean GSvolume_pa,Ce_MagpieData mean GSbandgap,Ce_MagpieData mean GSmagmom,Ce_MagpieData mean SpaceGroupNumber,Testing temperature (K),Wetting angle,predicted_angle
0,Al0.778Si0.124Mg0.098,Si1O2,13.026,73.13,26.85612903,1025.88166,12.046,3.0,121.72,1.61656,2.0,1.026,0.0,0.0,3.026,0.0,4.386,0.0,4.386,17.59922,0.095852,0.0,222.21,10.0,84.0,20.0281,598.8666667,15.33333333,2.333333333,81.0,2.926666667,2.0,3.333333333,0.0,0.0,5.333333333,0.0,2.666666667,0.0,0.0,2.666666667,12.88333333,0.257666667,0.0,83.66666667,1323,116.6,119.27735335583992
1,Al0.778Si0.124Mg0.098,Si1O2,13.026,73.13,26.85612903,1025.88166,12.046,3.0,121.72,1.61656,2.0,1.026,0.0,0.0,3.026,0.0,4.386,0.0,4.386,17.59922,0.095852,0.0,222.21,10.0,84.0,20.0281,598.8666667,15.33333333,2.333333333,81.0,2.926666667,2.0,3.333333333,0.0,0.0,5.333333333,0.0,2.666666667,0.0,0.0,2.666666667,12.88333333,0.257666667,0.0,83.66666667,1373,94.1,94.76958994805355
2,Al0.724Si0.124Mg0.152,Si1O2,12.972,72.86,26.71159595,1025.31628,11.452,3.0,122.8,1.60036,2.0,0.972,0.0,0.0,2.972,0.0,4.116,0.0,4.116,17.94536,0.095852,0.0,220.536,10.0,84.0,20.0281,598.8666667,15.33333333,2.333333333,81.0,2.926666667,2.0,3.333333333,0.0,0.0,5.333333333,0.0,2.666666667,0.0,0.0,2.666666667,12.88333333,0.257666667,0.0,83.66666667,923,125.7,127.04722477079252
3,Al0.724Si0.124Mg0.152,Si1O2,12.972,72.86,26.71159595,1025.31628,11.452,3.0,122.8,1.60036,2.0,0.972,0.0,0.0,2.972,0.0,4.116,0.0,4.116,17.94536,0.095852,0.0,220.536,10.0,84.0,20.0281,598.8666667,15.33333333,2.333333333,81.0,2.926666667,2.0,3.333333333,0.0,0.0,5.333333333,0.0,2.666666667,0.0,0.0,2.666666667,12.88333333,0.257666667,0.0,83.66666667,1023,122.2,127.02168464733576
4,Al0.724Si0.124Mg0.152,Si1O2,12.972,72.86,26.71159595,1025.31628,11.452,3.0,122.8,1.60036,2.0,0.972,0.0,0.0,2.972,0.0,4.116,0.0,4.116,17.94536,0.095852,0.0,220.536,10.0,84.0,20.0281,598.8666667,15.33333333,2.333333333,81.0,2.926666667,2.0,3.333333333,0.0,0.0,5.333333333,0.0,2.666666667,0.0,0.0,2.666666667,12.88333333,0.257666667,0.0,83.66666667,1123,106.2,126.73779190042215
5,Al0.724Si0.124Mg0.152,Si1O2,12.972,72.86,26.71159595,1025.31628,11.452,3.0,122.8,1.60036,2.0,0.972,0.0,0.0,2.972,0.0,4.116,0.0,4.116,17.94536,0.095852,0.0,220.536,10.0,84.0,20.0281,598.8666667,15.33333333,2.333333333,81.0,2.926666667,2.0,3.333333333,0.0,0.0,5.333333333,0.0,2.666666667,0.0,0.0,2.666666667,12.88333333,0.257666667,0.0,83.66666667,1223,100.1,123.33389957361312
6,Al0.724Si0.124Mg0.152,Si1O2,12.972,72.86,26.71159595,1025.31628,11.452,3.0,122.8,1.60036,2.0,0.972,0.0,0.0,2.972,0.0,4.116,0.0,4.116,17.94536,0.095852,0.0,220.536,10.0,84.0,20.0281,598.8666667,15.33333333,2.333333333,81.0,2.926666667,2.0,3.333333333,0.0,0.0,5.333333333,0.0,2.666666667,0.0,0.0,2.666666667,12.88333333,0.257666667,0.0,83.66666667,1323,96.6,120.88061845561849
7,Al0.724Si0.124Mg0.152,Si1O2,12.972,72.86,26.71159595,1025.31628,11.452,3.0,122.8,1.60036,2.0,0.972,0.0,0.0,2.972,0.0,4.116,0.0,4.116,17.94536,0.095852,0.0,220.536,10.0,84.0,20.0281,598.8666667,15.33333333,2.333333333,81.0,2.926666667,2.0,3.333333333,0.0,0.0,5.333333333,0.0,2.666666667,0.0,0.0,2.666666667,12.88333333,0.257666667,0.0,83.66666667,1373,89.2,99.47300909160286
8,Al0.724Si0.124Mg0.152,Si1O2,12.972,72.86,26.71159595,1025.31628,11.452,3.0,122.8,1.60036,2.0,0.972,0.0,0.0,2.972,0.0,4.116,0.0,4.116,17.94536,0.095852,0.0,220.536,10.0,84.0,20.0281,598.8666667,15.33333333,2.333333333,81.0,2.926666667,2.0,3.333333333,0.0,0.0,5.333333333,0.0,2.666666667,0.0,0.0,2.666666667,12.88333333,0.257666667,0.0,83.66666667,1023,118.2,127.02168464733576
9,Al0.724Si0.124Mg0.152,Si1O2,12.972,72.86,26.71159595,1025.31628,11.452,3.0,122.8,1.60036,2.0,0.972,0.0,0.0,2.972,0.0,4.116,0.0,4.116,17.94536,0.095852,0.0,220.536,10.0,84.0,20.0281,598.8666667,15.33333333,2.333333333,81.0,2.926666667,2.0,3.333333333,0.0,0.0,5.333333333,0.0,2.666666667,0.0,0.0,2.666666667,12.88333333,0.257666667,0.0,83.66666667,1123,101.9,126.73779190042215
10,Al0.724Si0.124Mg0.152,Si1O2,12.972,72.86,26.71159595,1025.31628,11.452,3.0,122.8,1.60036,2.0,0.972,0.0,0.0,2.972,0.0,4.116,0.0,4.116,17.94536,0.095852,0.0,220.536,10.0,84.0,20.0281,598.8666667,15.33333333,2.333333333,81.0,2.926666667,2.0,3.333333333,0.0,0.0,5.333333333,0.0,2.666666667,0.0,0.0,2.666666667,12.88333333,0.257666667,0.0,83.66666667,1223,96.1,123.33389957361312
11,Al0.724Si0.124Mg0.152,Si1O2,12.972,72.86,26.71159595,1025.31628,11.452,3.0,122.8,1.60036,2.0,0.972,0.0,0.0,2.972,0.0,4.116,0.0,4.116,17.94536,0.095852,0.0,220.536,10.0,84.0,20.0281,598.8666667,15.33333333,2.333333333,81.0,2.926666667,2.0,3.333333333,0.0,0.0,5.333333333,0.0,2.666666667,0.0,0.0,2.666666667,12.88333333,0.257666667,0.0,83.66666667,1323,91.1,120.88061845561849
12,Al0.724Si0.124Mg0.152,Si1O2,12.972,72.86,26.71159595,1025.31628,11.452,3.0,122.8,1.60036,2.0,0.972,0.0,0.0,2.972,0.0,4.116,0.0,4.116,17.94536,0.095852,0.0,220.536,10.0,84.0,20.0281,598.8666667,15.33333333,2.333333333,81.0,2.926666667,2.0,3.333333333,0.0,0.0,5.333333333,0.0,2.666666667,0.0,0.0,2.666666667,12.88333333,0.257666667,0.0,83.66666667,1373,85.0,99.47300909160286
13,Fe,Al2O3Si1O2,26.0,55.0,55.845,1811.0,8.0,4.0,132.0,1.83,2.0,0.0,6.0,0.0,8.0,0.0,0.0,4.0,4.0,10.73,0.0,2.1106628,229.0,10.0,82.375,20.25569715,478.4925,15.0,2.375,85.375,2.79,2.0,3.0,0.0,0.0,5.0,0.0,3.0,0.0,0.0,3.0,12.365625,0.096625,0.0,92.125,1873,77.0,89.71335705257881
14,Fe,Al2O3Si1O2,26.0,55.0,55.845,1811.0,8.0,4.0,132.0,1.83,2.0,0.0,6.0,0.0,8.0,0.0,0.0,4.0,4.0,10.73,0.0,2.1106628,229.0,10.0,82.375,20.25569715,478.4925,15.0,2.375,85.375,2.79,2.0,3.0,0.0,0.0,5.0,0.0,3.0,0.0,0.0,3.0,12.365625,0.096625,0.0,92.125,1823,105.0,89.71770229067405
15,Fe,Al2O3Si1O2,26.0,55.0,55.845,1811.0,8.0,4.0,132.0,1.83,2.0,0.0,6.0,0.0,8.0,0.0,0.0,4.0,4.0,10.73,0.0,2.1106628,229.0,10.0,82.375,20.25569715,478.4925,15.0,2.375,85.375,2.79,2.0,3.0,0.0,0.0,5.0,0.0,3.0,0.0,0.0,3.0,12.365625,0.096625,0.0,92.125,1823,79.0,89.71770229067405
16,Ag,Si1O2,47.0,65.0,107.8682,1234.93,11.0,5.0,145.0,1.93,1.0,0.0,10.0,0.0,11.0,1.0,0.0,0.0,1.0,16.33,0.0,0.0,225.0,10.0,84.0,20.0281,598.8666667,15.33333333,2.333333333,81.0,2.926666667,2.0,3.333333333,0.0,0.0,5.333333333,0.0,2.666666667,0.0,0.0,2.666666667,12.88333333,0.257666667,0.0,83.66666667,1173,96.0,134.76854871122825
17,Ag0.49Cu0.49Ti0.02,Si1O2,37.68,64.07,84.950298,1309.243,10.86,4.49,138.93,1.9075,1.02,0.0,9.84,0.0,10.86,0.98,0.0,0.16,1.14,13.7598,0.0,4.51e-07,224.38,10.0,84.0,20.0281,598.8666667,15.33333333,2.333333333,81.0,2.926666667,2.0,3.333333333,0.0,0.0,5.333333333,0.0,2.666666667,0.0,0.0,2.666666667,12.88333333,0.257666667,0.0,83.66666667,1173,12.0,134.65257648900604
18,Ag0.47Cu0.49Ti0.04,Si1O2,37.18,63.63,83.750274,1323.3644,10.72,4.47,139.23,1.8997,1.04,0.0,9.68,0.0,10.72,0.96,0.0,0.32,1.28,13.767,0.0,9.01e-07,223.76,10.0,84.0,20.0281,598.8666667,15.33333333,2.333333333,81.0,2.926666667,2.0,3.333333333,0.0,0.0,5.333333333,0.0,2.666666667,0.0,0.0,2.666666667,12.88333333,0.257666667,0.0,83.66666667,1173,10.0,134.65257648900604
19,Ag0.432Cu0.49Ti0.078,Si1O2,36.23,62.794,81.4702284,1350.19506,10.454,4.432,139.8,1.88488,1.078,0.0,9.376,0.0,10.454,0.922,0.0,0.624,1.546,13.78068,0.0,1.76e-06,222.582,10.0,84.0,20.0281,598.8666667,15.33333333,2.333333333,81.0,2.926666667,2.0,3.333333333,0.0,0.0,5.333333333,0.0,2.666666667,0.0,0.0,2.666666667,12.88333333,0.257666667,0.0,83.66666667,1173,10.0,135.7214514990269
20,Ag0.47Cu0.49Ti0.04,Si1O2,37.18,63.63,83.750274,1323.3644,10.72,4.47,139.23,1.8997,1.04,0.0,9.68,0.0,10.72,0.96,0.0,0.32,1.28,13.767,0.0,9.01e-07,223.76,10.0,84.0,20.0281,598.8666667,15.33333333,2.333333333,81.0,2.926666667,2.0,3.333333333,0.0,0.0,5.333333333,0.0,2.666666667,0.0,0.0,2.666666667,12.88333333,0.257666667,0.0,83.66666667,1123,10.0,137.17537078383157
21,Ag0.47Cu0.49Ti0.04,Si1O2,37.18,63.63,83.750274,1323.3644,10.72,4.47,139.23,1.8997,1.04,0.0,9.68,0.0,10.72,0.96,0.0,0.32,1.28,13.767,0.0,9.01e-07,223.76,10.0,84.0,20.0281,598.8666667,15.33333333,2.333333333,81.0,2.926666667,2.0,3.333333333,0.0,0.0,5.333333333,0.0,2.666666667,0.0,0.0,2.666666667,12.88333333,0.257666667,0.0,83.66666667,1223,10.0,132.3181029950698
22,Cu,Si1O2,29.0,64.0,63.546,1357.77,11.0,4.0,132.0,1.9,1.0,0.0,10.0,0.0,11.0,1.0,0.0,0.0,1.0,11.07,0.0,0.0,225.0,10.0,84.0,20.0281,598.8666667,15.33333333,2.333333333,81.0,2.926666667,2.0,3.333333333,0.0,0.0,5.333333333,0.0,2.666666667,0.0,0.0,2.666666667,12.88333333,0.257666667,0.0,83.66666667,1473,117.0,113.14617638552801
23,Cu0.95Al0.05,Si1O2,28.2,64.45,61.71777693,1336.555,11.1,3.95,131.45,1.8855,1.05,0.05,9.5,0.0,10.6,0.95,0.25,0.0,1.2,11.3405,0.0,0.0,225.0,10.0,84.0,20.0281,598.8666667,15.33333333,2.333333333,81.0,2.926666667,2.0,3.333333333,0.0,0.0,5.333333333,0.0,2.666666667,0.0,0.0,2.666666667,12.88333333,0.257666667,0.0,83.66666667,1473,117.0,113.27696672944334
24,Cu0.85Al0.15,Si1O2,26.6,65.35,58.06133079,1294.125,11.3,3.85,130.35,1.8565,1.15,0.15,8.5,0.0,9.8,0.85,0.75,0.0,1.6,11.8815,0.0,0.0,225.0,10.0,84.0,20.0281,598.8666667,15.33333333,2.333333333,81.0,2.926666667,2.0,3.333333333,0.0,0.0,5.333333333,0.0,2.666666667,0.0,0.0,2.666666667,12.88333333,0.257666667,0.0,83.66666667,1473,116.0,114.14995703003781
25,Cu0.7Al0.3,Si1O2,24.2,66.7,52.57666158,1230.48,11.6,3.7,128.7,1.813,1.3,0.3,7.0,0.0,8.6,0.7,1.5,0.0,2.2,12.693,0.0,0.0,225.0,10.0,84.0,20.0281,598.8666667,15.33333333,2.333333333,81.0,2.926666667,2.0,3.333333333,0.0,0.0,5.333333333,0.0,2.666666667,0.0,0.0,2.666666667,12.88333333,0.257666667,0.0,83.66666667,1473,114.0,103.35057039297848
26,Cu0.5Al0.5,Si1O2,21.0,68.5,45.2637693,1145.62,12.0,3.5,126.5,1.755,1.5,0.5,5.0,0.0,7.0,0.5,2.5,0.0,3.0,13.775,0.0,0.0,225.0,10.0,84.0,20.0281,598.8666667,15.33333333,2.333333333,81.0,2.926666667,2.0,3.333333333,0.0,0.0,5.333333333,0.0,2.666666667,0.0,0.0,2.666666667,12.88333333,0.257666667,0.0,83.66666667,1473,95.0,102.32340330613923
27,Cu,Al2O3,29.0,64.0,63.546,1357.77,11.0,4.0,132.0,1.9,1.0,0.0,10.0,0.0,11.0,1.0,0.0,0.0,1.0,11.07,0.0,0.0,225.0,10.0,81.4,20.39225544,406.268,14.8,2.4,88.0,2.708,2.0,2.8,0.0,0.0,4.8,0.0,3.2,0.0,0.0,3.2,12.055,0.0,0.0,97.2,1473,119.1,114.18015786614443
28,Cu0.95Al0.05,Al2O3,28.2,64.45,61.71777693,1336.555,11.1,3.95,131.45,1.8855,1.05,0.05,9.5,0.0,10.6,0.95,0.25,0.0,1.2,11.3405,0.0,0.0,225.0,10.0,81.4,20.39225544,406.268,14.8,2.4,88.0,2.708,2.0,2.8,0.0,0.0,4.8,0.0,3.2,0.0,0.0,3.2,12.055,0.0,0.0,97.2,1473,107.3,114.31094821005978
29,Cu0.85Al0.15,Al2O3,26.6,65.35,58.06133079,1294.125,11.3,3.85,130.35,1.8565,1.15,0.15,8.5,0.0,9.8,0.85,0.75,0.0,1.6,11.8815,0.0,0.0,225.0,10.0,81.4,20.39225544,406.268,14.8,2.4,88.0,2.708,2.0,2.8,0.0,0.0,4.8,0.0,3.2,0.0,0.0,3.2,12.055,0.0,0.0,97.2,1473,107.6,114.90376324610396
30,Cu0.7Al0.3,Al2O3,24.2,66.7,52.57666158,1230.48,11.6,3.7,128.7,1.813,1.3,0.3,7.0,0.0,8.6,0.7,1.5,0.0,2.2,12.693,0.0,0.0,225.0,10.0,81.4,20.39225544,406.268,14.8,2.4,88.0,2.708,2.0,2.8,0.0,0.0,4.8,0.0,3.2,0.0,0.0,3.2,12.055,0.0,0.0,97.2,1473,113.9,103.67562894712407
31,Cu0.5Al0.5,Al2O3,21.0,68.5,45.2637693,1145.62,12.0,3.5,126.5,1.755,1.5,0.5,5.0,0.0,7.0,0.5,2.5,0.0,3.0,13.775,0.0,0.0,225.0,10.0,81.4,20.39225544,406.268,14.8,2.4,88.0,2.708,2.0,2.8,0.0,0.0,4.8,0.0,3.2,0.0,0.0,3.2,12.055,0.0,0.0,97.2,1473,100.9,101.47281914073584
32,Cu,Al2O3,29.0,64.0,63.546,1357.77,11.0,4.0,132.0,1.9,1.0,0.0,10.0,0.0,11.0,1.0,0.0,0.0,1.0,11.07,0.0,0.0,225.0,10.0,81.4,20.39225544,406.268,14.8,2.4,88.0,2.708,2.0,2.8,0.0,0.0,4.8,0.0,3.2,0.0,0.0,3.2,12.055,0.0,0.0,97.2,1473,115.7,114.18015786614443
33,Cu0.95Al0.05,Al2O3,28.2,64.45,61.71777693,1336.555,11.1,3.95,131.45,1.8855,1.05,0.05,9.5,0.0,10.6,0.95,0.25,0.0,1.2,11.3405,0.0,0.0,225.0,10.0,81.4,20.39225544,406.268,14.8,2.4,88.0,2.708,2.0,2.8,0.0,0.0,4.8,0.0,3.2,0.0,0.0,3.2,12.055,0.0,0.0,97.2,1473,108.9,114.31094821005978
34,Cu0.85Al0.15,Al2O3,26.6,65.35,58.06133079,1294.125,11.3,3.85,130.35,1.8565,1.15,0.15,8.5,0.0,9.8,0.85,0.75,0.0,1.6,11.8815,0.0,0.0,225.0,10.0,81.4,20.39225544,406.268,14.8,2.4,88.0,2.708,2.0,2.8,0.0,0.0,4.8,0.0,3.2,0.0,0.0,3.2,12.055,0.0,0.0,97.2,1473,108.3,114.90376324610396
35,Cu0.7Al0.3,Al2O3,24.2,66.7,52.57666158,1230.48,11.6,3.7,128.7,1.813,1.3,0.3,7.0,0.0,8.6,0.7,1.5,0.0,2.2,12.693,0.0,0.0,225.0,10.0,81.4,20.39225544,406.268,14.8,2.4,88.0,2.708,2.0,2.8,0.0,0.0,4.8,0.0,3.2,0.0,0.0,3.2,12.055,0.0,0.0,97.2,1473,109.4,103.67562894712407
36,Cu0.5Al0.5,Al2O3,21.0,68.5,45.2637693,1145.62,12.0,3.5,126.5,1.755,1.5,0.5,5.0,0.0,7.0,0.5,2.5,0.0,3.0,13.775,0.0,0.0,225.0,10.0,81.4,20.39225544,406.268,14.8,2.4,88.0,2.708,2.0,2.8,0.0,0.0,4.8,0.0,3.2,0.0,0.0,3.2,12.055,0.0,0.0,97.2,1473,99.1,101.47281914073584
37,Al,Si1O2,13.0,73.0,26.9815386,933.47,13.0,3.0,121.0,1.61,2.0,1.0,0.0,0.0,3.0,0.0,5.0,0.0,5.0,16.48,0.0,0.0,225.0,10.0,84.0,20.0281,598.8666667,15.33333333,2.333333333,81.0,2.926666667,2.0,3.333333333,0.0,0.0,5.333333333,0.0,2.666666667,0.0,0.0,2.666666667,12.88333333,0.257666667,0.0,83.66666667,1073,94.0,122.46007511103868
38,Al,Si1O2,13.0,73.0,26.9815386,933.47,13.0,3.0,121.0,1.61,2.0,1.0,0.0,0.0,3.0,0.0,5.0,0.0,5.0,16.48,0.0,0.0,225.0,10.0,84.0,20.0281,598.8666667,15.33333333,2.333333333,81.0,2.926666667,2.0,3.333333333,0.0,0.0,5.333333333,0.0,2.666666667,0.0,0.0,2.666666667,12.88333333,0.257666667,0.0,83.66666667,1173,96.0,120.70018714406736
39,Al,Si1O2,13.0,73.0,26.9815386,933.47,13.0,3.0,121.0,1.61,2.0,1.0,0.0,0.0,3.0,0.0,5.0,0.0,5.0,16.48,0.0,0.0,225.0,10.0,84.0,20.0281,598.8666667,15.33333333,2.333333333,81.0,2.926666667,2.0,3.333333333,0.0,0.0,5.333333333,0.0,2.666666667,0.0,0.0,2.666666667,12.88333333,0.257666667,0.0,83.66666667,1273,88.0,118.6231842357103
40,Al,Si1O2,13.0,73.0,26.9815386,933.47,13.0,3.0,121.0,1.61,2.0,1.0,0.0,0.0,3.0,0.0,5.0,0.0,5.0,16.48,0.0,0.0,225.0,10.0,84.0,20.0281,598.8666667,15.33333333,2.333333333,81.0,2.926666667,2.0,3.333333333,0.0,0.0,5.333333333,0.0,2.666666667,0.0,0.0,2.666666667,12.88333333,0.257666667,0.0,83.66666667,1323,64.0,117.3071138969056
41,Al,Si1O2,13.0,73.0,26.9815386,933.47,13.0,3.0,121.0,1.61,2.0,1.0,0.0,0.0,3.0,0.0,5.0,0.0,5.0,16.48,0.0,0.0,225.0,10.0,84.0,20.0281,598.8666667,15.33333333,2.333333333,81.0,2.926666667,2.0,3.333333333,0.0,0.0,5.333333333,0.0,2.666666667,0.0,0.0,2.666666667,12.88333333,0.257666667,0.0,83.66666667,1373,56.0,94.38026537794771
42,Al,Si1O2,13.0,73.0,26.9815386,933.47,13.0,3.0,121.0,1.61,2.0,1.0,0.0,0.0,3.0,0.0,5.0,0.0,5.0,16.48,0.0,0.0,225.0,10.0,84.0,20.0281,598.8666667,15.33333333,2.333333333,81.0,2.926666667,2.0,3.333333333,0.0,0.0,5.333333333,0.0,2.666666667,0.0,0.0,2.666666667,12.88333333,0.257666667,0.0,83.66666667,1423,47.0,92.89538099150082
43,Al,Si1O2,13.0,73.0,26.9815386,933.47,13.0,3.0,121.0,1.61,2.0,1.0,0.0,0.0,3.0,0.0,5.0,0.0,5.0,16.48,0.0,0.0,225.0,10.0,84.0,20.0281,598.8666667,15.33333333,2.333333333,81.0,2.926666667,2.0,3.333333333,0.0,0.0,5.333333333,0.0,2.666666667,0.0,0.0,2.666666667,12.88333333,0.257666667,0.0,83.66666667,1473,45.0,92.89538099150082
44,Al,Si1O2,13.0,73.0,26.9815386,933.47,13.0,3.0,121.0,1.61,2.0,1.0,0.0,0.0,3.0,0.0,5.0,0.0,5.0,16.48,0.0,0.0,225.0,10.0,84.0,20.0281,598.8666667,15.33333333,2.333333333,81.0,2.926666667,2.0,3.333333333,0.0,0.0,5.333333333,0.0,2.666666667,0.0,0.0,2.666666667,12.88333333,0.257666667,0.0,83.66666667,1523,37.0,92.89538099150082
45,Al,Si1O2,13.0,73.0,26.9815386,933.47,13.0,3.0,121.0,1.61,2.0,1.0,0.0,0.0,3.0,0.0,5.0,0.0,5.0,16.48,0.0,0.0,225.0,10.0,84.0,20.0281,598.8666667,15.33333333,2.333333333,81.0,2.926666667,2.0,3.333333333,0.0,0.0,5.333333333,0.0,2.666666667,0.0,0.0,2.666666667,12.88333333,0.257666667,0.0,83.66666667,973,148.0,122.58516191659425
46,Al,Si1O2,13.0,73.0,26.9815386,933.47,13.0,3.0,121.0,1.61,2.0,1.0,0.0,0.0,3.0,0.0,5.0,0.0,5.0,16.48,0.0,0.0,225.0,10.0,84.0,20.0281,598.8666667,15.33333333,2.333333333,81.0,2.926666667,2.0,3.333333333,0.0,0.0,5.333333333,0.0,2.666666667,0.0,0.0,2.666666667,12.88333333,0.257666667,0.0,83.66666667,973,112.0,122.58516191659425
47,Al,Si1O2,13.0,73.0,26.9815386,933.47,13.0,3.0,121.0,1.61,2.0,1.0,0.0,0.0,3.0,0.0,5.0,0.0,5.0,16.48,0.0,0.0,225.0,10.0,84.0,20.0281,598.8666667,15.33333333,2.333333333,81.0,2.926666667,2.0,3.333333333,0.0,0.0,5.333333333,0.0,2.666666667,0.0,0.0,2.666666667,12.88333333,0.257666667,0.0,83.66666667,1023,140.0,122.58516191659425
48,Al,Si1O2,13.0,73.0,26.9815386,933.47,13.0,3.0,121.0,1.61,2.0,1.0,0.0,0.0,3.0,0.0,5.0,0.0,5.0,16.48,0.0,0.0,225.0,10.0,84.0,20.0281,598.8666667,15.33333333,2.333333333,81.0,2.926666667,2.0,3.333333333,0.0,0.0,5.333333333,0.0,2.666666667,0.0,0.0,2.666666667,12.88333333,0.257666667,0.0,83.66666667,1073,88.0,122.46007511103868
49,Al,Si1O2,13.0,73.0,26.9815386,933.47,13.0,3.0,121.0,1.61,2.0,1.0,0.0,0.0,3.0,0.0,5.0,0.0,5.0,16.48,0.0,0.0,225.0,10.0,84.0,20.0281,598.8666667,15.33333333,2.333333333,81.0,2.926666667,2.0,3.333333333,0.0,0.0,5.333333333,0.0,2.666666667,0.0,0.0,2.666666667,12.88333333,0.257666667,0.0,83.66666667,1073,67.0,122.46007511103868
50,Al,Si1O2,13.0,73.0,26.9815386,933.47,13.0,3.0,121.0,1.61,2.0,1.0,0.0,0.0,3.0,0.0,5.0,0.0,5.0,16.48,0.0,0.0,225.0,10.0,84.0,20.0281,598.8666667,15.33333333,2.333333333,81.0,2.926666667,2.0,3.333333333,0.0,0.0,5.333333333,0.0,2.666666667,0.0,0.0,2.666666667,12.88333333,0.257666667,0.0,83.66666667,1073,106.0,122.46007511103868
51,Al,Si1O2,13.0,73.0,26.9815386,933.47,13.0,3.0,121.0,1.61,2.0,1.0,0.0,0.0,3.0,0.0,5.0,0.0,5.0,16.48,0.0,0.0,225.0,10.0,84.0,20.0281,598.8666667,15.33333333,2.333333333,81.0,2.926666667,2.0,3.333333333,0.0,0.0,5.333333333,0.0,2.666666667,0.0,0.0,2.666666667,12.88333333,0.257666667,0.0,83.66666667,1123,95.0,122.37109941659423
52,Al,Si1O2,13.0,73.0,26.9815386,933.47,13.0,3.0,121.0,1.61,2.0,1.0,0.0,0.0,3.0,0.0,5.0,0.0,5.0,16.48,0.0,0.0,225.0,10.0,84.0,20.0281,598.8666667,15.33333333,2.333333333,81.0,2.926666667,2.0,3.333333333,0.0,0.0,5.333333333,0.0,2.666666667,0.0,0.0,2.666666667,12.88333333,0.257666667,0.0,83.66666667,1123,68.0,122.37109941659423
53,Al,Si1O2,13.0,73.0,26.9815386,933.47,13.0,3.0,121.0,1.61,2.0,1.0,0.0,0.0,3.0,0.0,5.0,0.0,5.0,16.48,0.0,0.0,225.0,10.0,84.0,20.0281,598.8666667,15.33333333,2.333333333,81.0,2.926666667,2.0,3.333333333,0.0,0.0,5.333333333,0.0,2.666666667,0.0,0.0,2.666666667,12.88333333,0.257666667,0.0,83.66666667,1173,70.0,120.70018714406736
54,Al,Si1O2,13.0,73.0,26.9815386,933.47,13.0,3.0,121.0,1.61,2.0,1.0,0.0,0.0,3.0,0.0,5.0,0.0,5.0,16.48,0.0,0.0,225.0,10.0,84.0,20.0281,598.8666667,15.33333333,2.333333333,81.0,2.926666667,2.0,3.333333333,0.0,0.0,5.333333333,0.0,2.666666667,0.0,0.0,2.666666667,12.88333333,0.257666667,0.0,83.66666667,1173,93.0,120.70018714406736
55,Al,Si1O2,13.0,73.0,26.9815386,933.47,13.0,3.0,121.0,1.61,2.0,1.0,0.0,0.0,3.0,0.0,5.0,0.0,5.0,16.48,0.0,0.0,225.0,10.0,84.0,20.0281,598.8666667,15.33333333,2.333333333,81.0,2.926666667,2.0,3.333333333,0.0,0.0,5.333333333,0.0,2.666666667,0.0,0.0,2.666666667,12.88333333,0.257666667,0.0,83.66666667,1223,76.0,119.3138083453969
56,Fe,Al2O3,26.0,55.0,55.845,1811.0,8.0,4.0,132.0,1.83,2.0,0.0,6.0,0.0,8.0,0.0,0.0,4.0,4.0,10.73,0.0,2.1106628,229.0,10.0,81.4,20.39225544,406.268,14.8,2.4,88.0,2.708,2.0,2.8,0.0,0.0,4.8,0.0,3.2,0.0,0.0,3.2,12.055,0.0,0.0,97.2,1823,128.0,88.63113323280294
57,Fe,Al2O3,26.0,55.0,55.845,1811.0,8.0,4.0,132.0,1.83,2.0,0.0,6.0,0.0,8.0,0.0,0.0,4.0,4.0,10.73,0.0,2.1106628,229.0,10.0,81.4,20.39225544,406.268,14.8,2.4,88.0,2.708,2.0,2.8,0.0,0.0,4.8,0.0,3.2,0.0,0.0,3.2,12.055,0.0,0.0,97.2,1823,124.0,88.63113323280294
58,Fe,Al2O3,26.0,55.0,55.845,1811.0,8.0,4.0,132.0,1.83,2.0,0.0,6.0,0.0,8.0,0.0,0.0,4.0,4.0,10.73,0.0,2.1106628,229.0,10.0,81.4,20.39225544,406.268,14.8,2.4,88.0,2.708,2.0,2.8,0.0,0.0,4.8,0.0,3.2,0.0,0.0,3.2,12.055,0.0,0.0,97.2,1823,121.0,88.63113323280294
59,Fe,Al2O3,26.0,55.0,55.845,1811.0,8.0,4.0,132.0,1.83,2.0,0.0,6.0,0.0,8.0,0.0,0.0,4.0,4.0,10.73,0.0,2.1106628,229.0,10.0,81.4,20.39225544,406.268,14.8,2.4,88.0,2.708,2.0,2.8,0.0,0.0,4.8,0.0,3.2,0.0,0.0,3.2,12.055,0.0,0.0,97.2,1823,68.0,88.63113323280294
60,Fe,Al2O3,26.0,55.0,55.845,1811.0,8.0,4.0,132.0,1.83,2.0,0.0,6.0,0.0,8.0,0.0,0.0,4.0,4.0,10.73,0.0,2.1106628,229.0,10.0,81.4,20.39225544,406.268,14.8,2.4,88.0,2.708,2.0,2.8,0.0,0.0,4.8,0.0,3.2,0.0,0.0,3.2,12.055,0.0,0.0,97.2,1823,71.0,88.63113323280294
61,Fe,Al2O3,26.0,55.0,55.845,1811.0,8.0,4.0,132.0,1.83,2.0,0.0,6.0,0.0,8.0,0.0,0.0,4.0,4.0,10.73,0.0,2.1106628,229.0,10.0,81.4,20.39225544,406.268,14.8,2.4,88.0,2.708,2.0,2.8,0.0,0.0,4.8,0.0,3.2,0.0,0.0,3.2,12.055,0.0,0.0,97.2,1833,114.0,88.62678799470768
62,Fe,Al2O3Si1O2,26.0,55.0,55.845,1811.0,8.0,4.0,132.0,1.83,2.0,0.0,6.0,0.0,8.0,0.0,0.0,4.0,4.0,10.73,0.0,2.1106628,229.0,10.0,82.375,20.25569715,478.4925,15.0,2.375,85.375,2.79,2.0,3.0,0.0,0.0,5.0,0.0,3.0,0.0,0.0,3.0,12.365625,0.096625,0.0,92.125,1873,78.0,89.71335705257881
63,Ni,Al2O3,28.0,61.0,58.6934,1728.0,10.0,4.0,124.0,1.91,2.0,0.0,8.0,0.0,10.0,0.0,0.0,2.0,2.0,10.32,0.0,0.5953947,225.0,10.0,81.4,20.39225544,406.268,14.8,2.4,88.0,2.708,2.0,2.8,0.0,0.0,4.8,0.0,3.2,0.0,0.0,3.2,12.055,0.0,0.0,97.2,1773,119.8,89.66018880318933
64,Ni,Al2O3,28.0,61.0,58.6934,1728.0,10.0,4.0,124.0,1.91,2.0,0.0,8.0,0.0,10.0,0.0,0.0,2.0,2.0,10.32,0.0,0.5953947,225.0,10.0,81.4,20.39225544,406.268,14.8,2.4,88.0,2.708,2.0,2.8,0.0,0.0,4.8,0.0,3.2,0.0,0.0,3.2,12.055,0.0,0.0,97.2,1773,114.0,89.66018880318933
65,Ni,Al2O3,28.0,61.0,58.6934,1728.0,10.0,4.0,124.0,1.91,2.0,0.0,8.0,0.0,10.0,0.0,0.0,2.0,2.0,10.32,0.0,0.5953947,225.0,10.0,81.4,20.39225544,406.268,14.8,2.4,88.0,2.708,2.0,2.8,0.0,0.0,4.8,0.0,3.2,0.0,0.0,3.2,12.055,0.0,0.0,97.2,1773,111.4,89.66018880318933
66,Ni,Al2O3,28.0,61.0,58.6934,1728.0,10.0,4.0,124.0,1.91,2.0,0.0,8.0,0.0,10.0,0.0,0.0,2.0,2.0,10.32,0.0,0.5953947,225.0,10.0,81.4,20.39225544,406.268,14.8,2.4,88.0,2.708,2.0,2.8,0.0,0.0,4.8,0.0,3.2,0.0,0.0,3.2,12.055,0.0,0.0,97.2,1773,105.7,89.66018880318933
67,Ni0.983Al0.017,Al2O3,27.745,61.204,58.15429836,1714.49299,10.051,3.983,123.949,1.9049,2.0,0.017,7.864,0.0,9.881,0.0,0.085,1.966,2.051,10.42472,0.0,0.58527299,225.0,10.0,81.4,20.39225544,406.268,14.8,2.4,88.0,2.708,2.0,2.8,0.0,0.0,4.8,0.0,3.2,0.0,0.0,3.2,12.055,0.0,0.0,97.2,1773,100.2,89.66018880318933
68,Ni0.971Al0.029,Al2O3,27.565,61.348,57.77375602,1704.95863,10.087,3.971,123.913,1.9013,2.0,0.029,7.768,0.0,9.797,0.0,0.145,1.942,2.087,10.49864,0.0,0.578128254,225.0,10.0,81.4,20.39225544,406.268,14.8,2.4,88.0,2.708,2.0,2.8,0.0,0.0,4.8,0.0,3.2,0.0,0.0,3.2,12.055,0.0,0.0,97.2,1773,95.1,89.1111387675768
69,Ni0.749Al0.251,Al2O3,24.235,64.012,50.73372279,1528.57297,10.753,3.749,123.247,1.8347,2.0,0.251,5.992,0.0,8.243,0.0,1.255,1.498,2.753,11.86616,0.0,0.44595063,225.0,10.0,81.4,20.39225544,406.268,14.8,2.4,88.0,2.708,2.0,2.8,0.0,0.0,4.8,0.0,3.2,0.0,0.0,3.2,12.055,0.0,0.0,97.2,1773,82.7,81.6426191960762
70,Ni0.632Al0.368,Al2O3,22.48,65.416,47.023435,1435.61296,11.104,3.632,122.896,1.7996,2.0,0.368,5.056,0.0,7.424,0.0,1.84,1.264,3.104,12.58688,0.0,0.37628945,225.0,10.0,81.4,20.39225544,406.268,14.8,2.4,88.0,2.708,2.0,2.8,0.0,0.0,4.8,0.0,3.2,0.0,0.0,3.2,12.055,0.0,0.0,97.2,1773,76.0,83.53743743917569
71,Ni0.603Al0.397,Al2O3,22.045,65.764,46.10379102,1412.57159,11.191,3.603,122.809,1.7909,2.0,0.397,4.824,0.0,7.221,0.0,1.985,1.206,3.191,12.76552,0.0,0.359023004,225.0,10.0,81.4,20.39225544,406.268,14.8,2.4,88.0,2.708,2.0,2.8,0.0,0.0,4.8,0.0,3.2,0.0,0.0,3.2,12.055,0.0,0.0,97.2,1773,75.4,80.76995921331203
72,Ni0.505Al0.495,Al2O3,20.575,66.94,42.99602861,1334.70765,11.485,3.505,122.515,1.7615,2.0,0.495,4.04,0.0,6.535,0.0,2.475,1.01,3.485,13.3692,0.0,0.300674324,225.0,10.0,81.4,20.39225544,406.268,14.8,2.4,88.0,2.708,2.0,2.8,0.0,0.0,4.8,0.0,3.2,0.0,0.0,3.2,12.055,0.0,0.0,97.2,1773,76.7,101.63678487589034
73,Ni0.081Al0.919,Al2O3,14.215,72.028,29.55019937,997.82693,12.757,3.081,121.243,1.6343,2.0,0.919,0.648,0.0,3.567,0.0,4.595,0.162,4.757,15.98104,0.0,0.048226971,225.0,10.0,81.4,20.39225544,406.268,14.8,2.4,88.0,2.708,2.0,2.8,0.0,0.0,4.8,0.0,3.2,0.0,0.0,3.2,12.055,0.0,0.0,97.2,1773,75.6,92.43319918989195
74,Ni0.053Al0.947,Al2O3,13.795,72.364,28.66226725,975.58009,12.841,3.053,121.159,1.6259,2.0,0.947,0.424,0.0,3.371,0.0,4.735,0.106,4.841,16.15352,0.0,0.031555919,225.0,10.0,81.4,20.39225544,406.268,14.8,2.4,88.0,2.708,2.0,2.8,0.0,0.0,4.8,0.0,3.2,0.0,0.0,3.2,12.055,0.0,0.0,97.2,1773,65.3,92.40850582769859
75,Al,Al2O3,13.0,73.0,26.9815386,933.47,13.0,3.0,121.0,1.61,2.0,1.0,0.0,0.0,3.0,0.0,5.0,0.0,5.0,16.48,0.0,0.0,225.0,10.0,81.4,20.39225544,406.268,14.8,2.4,88.0,2.708,2.0,2.8,0.0,0.0,4.8,0.0,3.2,0.0,0.0,3.2,12.055,0.0,0.0,97.2,1773,74.0,92.5531727348655
76,Al,Al2O3,13.0,73.0,26.9815386,933.47,13.0,3.0,121.0,1.61,2.0,1.0,0.0,0.0,3.0,0.0,5.0,0.0,5.0,16.48,0.0,0.0,225.0,10.0,81.4,20.39225544,406.268,14.8,2.4,88.0,2.708,2.0,2.8,0.0,0.0,4.8,0.0,3.2,0.0,0.0,3.2,12.055,0.0,0.0,97.2,1773,70.5,92.5531727348655
77,Al,Al2O3,13.0,73.0,26.9815386,933.47,13.0,3.0,121.0,1.61,2.0,1.0,0.0,0.0,3.0,0.0,5.0,0.0,5.0,16.48,0.0,0.0,225.0,10.0,81.4,20.39225544,406.268,14.8,2.4,88.0,2.708,2.0,2.8,0.0,0.0,4.8,0.0,3.2,0.0,0.0,3.2,12.055,0.0,0.0,97.2,1773,64.7,92.5531727348655
78,Al,Al2O3,13.0,73.0,26.9815386,933.47,13.0,3.0,121.0,1.61,2.0,1.0,0.0,0.0,3.0,0.0,5.0,0.0,5.0,16.48,0.0,0.0,225.0,10.0,81.4,20.39225544,406.268,14.8,2.4,88.0,2.708,2.0,2.8,0.0,0.0,4.8,0.0,3.2,0.0,0.0,3.2,12.055,0.0,0.0,97.2,1773,58.6,92.5531727348655
79,Fe0.704Cr0.202Ni0.094,Al2O3,25.784,54.352,55.3352718,1877.736,7.784,4.0,132.662,1.80318,1.798,0.0,5.986,0.0,7.784,0.202,0.0,4.014,4.216,10.78438,0.0,1.541873713,228.624,10.0,81.4,20.39225544,406.268,14.8,2.4,88.0,2.708,2.0,2.8,0.0,0.0,4.8,0.0,3.2,0.0,0.0,3.2,12.055,0.0,0.0,97.2,1748,137.9,85.54639499389496
80,Fe0.704Cr0.202Ni0.094,Al2O3,25.784,54.352,55.3352718,1877.736,7.784,4.0,132.662,1.80318,1.798,0.0,5.986,0.0,7.784,0.202,0.0,4.014,4.216,10.78438,0.0,1.541873713,228.624,10.0,81.4,20.39225544,406.268,14.8,2.4,88.0,2.708,2.0,2.8,0.0,0.0,4.8,0.0,3.2,0.0,0.0,3.2,12.055,0.0,0.0,97.2,1753,127.2,85.54639499389496
81,Fe0.704Cr0.202Ni0.094,Al2O3,25.784,54.352,55.3352718,1877.736,7.784,4.0,132.662,1.80318,1.798,0.0,5.986,0.0,7.784,0.202,0.0,4.014,4.216,10.78438,0.0,1.541873713,228.624,10.0,81.4,20.39225544,406.268,14.8,2.4,88.0,2.708,2.0,2.8,0.0,0.0,4.8,0.0,3.2,0.0,0.0,3.2,12.055,0.0,0.0,97.2,1763,120.4,85.54639499389496
82,Fe0.704Cr0.202Ni0.094,Al2O3,25.784,54.352,55.3352718,1877.736,7.784,4.0,132.662,1.80318,1.798,0.0,5.986,0.0,7.784,0.202,0.0,4.014,4.216,10.78438,0.0,1.541873713,228.624,10.0,81.4,20.39225544,406.268,14.8,2.4,88.0,2.708,2.0,2.8,0.0,0.0,4.8,0.0,3.2,0.0,0.0,3.2,12.055,0.0,0.0,97.2,1773,114.7,85.54639499389496
83,Fe0.704Cr0.202Ni0.094,Al2O3,25.784,54.352,55.3352718,1877.736,7.784,4.0,132.662,1.80318,1.798,0.0,5.986,0.0,7.784,0.202,0.0,4.014,4.216,10.78438,0.0,1.541873713,228.624,10.0,81.4,20.39225544,406.268,14.8,2.4,88.0,2.708,2.0,2.8,0.0,0.0,4.8,0.0,3.2,0.0,0.0,3.2,12.055,0.0,0.0,97.2,1783,107.1,85.54639499389496
84,Fe0.704Cr0.202Ni0.094,Al2O3,25.784,54.352,55.3352718,1877.736,7.784,4.0,132.662,1.80318,1.798,0.0,5.986,0.0,7.784,0.202,0.0,4.014,4.216,10.78438,0.0,1.541873713,228.624,10.0,81.4,20.39225544,406.268,14.8,2.4,88.0,2.708,2.0,2.8,0.0,0.0,4.8,0.0,3.2,0.0,0.0,3.2,12.055,0.0,0.0,97.2,1793,100.7,85.54639499389496
85,Fe0.704Cr0.202Ni0.094,Al2O3,25.784,54.352,55.3352718,1877.736,7.784,4.0,132.662,1.80318,1.798,0.0,5.986,0.0,7.784,0.202,0.0,4.014,4.216,10.78438,0.0,1.541873713,228.624,10.0,81.4,20.39225544,406.268,14.8,2.4,88.0,2.708,2.0,2.8,0.0,0.0,4.8,0.0,3.2,0.0,0.0,3.2,12.055,0.0,0.0,97.2,1803,100.0,85.54639499389496
86,Fe0.704Cr0.202Ni0.094,Al2O3,25.784,54.352,55.3352718,1877.736,7.784,4.0,132.662,1.80318,1.798,0.0,5.986,0.0,7.784,0.202,0.0,4.014,4.216,10.78438,0.0,1.541873713,228.624,10.0,81.4,20.39225544,406.268,14.8,2.4,88.0,2.708,2.0,2.8,0.0,0.0,4.8,0.0,3.2,0.0,0.0,3.2,12.055,0.0,0.0,97.2,1813,97.6,85.381869530932
87,Fe0.704Cr0.202Ni0.094,Al2O3,25.784,54.352,55.3352718,1877.736,7.784,4.0,132.662,1.80318,1.798,0.0,5.986,0.0,7.784,0.202,0.0,4.014,4.216,10.78438,0.0,1.541873713,228.624,10.0,81.4,20.39225544,406.268,14.8,2.4,88.0,2.708,2.0,2.8,0.0,0.0,4.8,0.0,3.2,0.0,0.0,3.2,12.055,0.0,0.0,97.2,1823,94.8,85.381869530932
88,Fe0.704Cr0.202Ni0.094,Al2O3,25.784,54.352,55.3352718,1877.736,7.784,4.0,132.662,1.80318,1.798,0.0,5.986,0.0,7.784,0.202,0.0,4.014,4.216,10.78438,0.0,1.541873713,228.624,10.0,81.4,20.39225544,406.268,14.8,2.4,88.0,2.708,2.0,2.8,0.0,0.0,4.8,0.0,3.2,0.0,0.0,3.2,12.055,0.0,0.0,97.2,1823,97.0,85.381869530932
89,Fe0.704Cr0.202Ni0.094,Al2O3,25.784,54.352,55.3352718,1877.736,7.784,4.0,132.662,1.80318,1.798,0.0,5.986,0.0,7.784,0.202,0.0,4.014,4.216,10.78438,0.0,1.541873713,228.624,10.0,81.4,20.39225544,406.268,14.8,2.4,88.0,2.708,2.0,2.8,0.0,0.0,4.8,0.0,3.2,0.0,0.0,3.2,12.055,0.0,0.0,97.2,1823,100.0,85.381869530932
90,Fe0.704Cr0.202Ni0.094,Al2O3,25.784,54.352,55.3352718,1877.736,7.784,4.0,132.662,1.80318,1.798,0.0,5.986,0.0,7.784,0.202,0.0,4.014,4.216,10.78438,0.0,1.541873713,228.624,10.0,81.4,20.39225544,406.268,14.8,2.4,88.0,2.708,2.0,2.8,0.0,0.0,4.8,0.0,3.2,0.0,0.0,3.2,12.055,0.0,0.0,97.2,1753,147.0,85.54639499389496
91,Fe0.704Cr0.202Ni0.094,Al2O3,25.784,54.352,55.3352718,1877.736,7.784,4.0,132.662,1.80318,1.798,0.0,5.986,0.0,7.784,0.202,0.0,4.014,4.216,10.78438,0.0,1.541873713,228.624,10.0,81.4,20.39225544,406.268,14.8,2.4,88.0,2.708,2.0,2.8,0.0,0.0,4.8,0.0,3.2,0.0,0.0,3.2,12.055,0.0,0.0,97.2,1753,103.0,85.54639499389496
92,Fe0.704Cr0.202Ni0.094,Al2O3,25.784,54.352,55.3352718,1877.736,7.784,4.0,132.662,1.80318,1.798,0.0,5.986,0.0,7.784,0.202,0.0,4.014,4.216,10.78438,0.0,1.541873713,228.624,10.0,81.4,20.39225544,406.268,14.8,2.4,88.0,2.708,2.0,2.8,0.0,0.0,4.8,0.0,3.2,0.0,0.0,3.2,12.055,0.0,0.0,97.2,1753,105.0,85.54639499389496
93,Fe,Mg0.5Al0.5O0.5N0.5,26.0,55.0,55.845,1811.0,8.0,4.0,132.0,1.83,2.0,0.0,6.0,0.0,8.0,0.0,0.0,4.0,4.0,10.73,0.0,2.1106628,229.0,10.0,77.5,20.32315965,493.58,11.5,2.5,99.75,2.35,2.0,2.0,0.0,0.0,4.0,0.0,2.5,0.0,0.0,2.5,15.8109375,1.60925,0.0,156.25,1823,129.7,96.897176828822
94,Fe,Mg0.5Al0.5O0.5N0.5,26.0,55.0,55.845,1811.0,8.0,4.0,132.0,1.83,2.0,0.0,6.0,0.0,8.0,0.0,0.0,4.0,4.0,10.73,0.0,2.1106628,229.0,10.0,77.5,20.32315965,493.58,11.5,2.5,99.75,2.35,2.0,2.0,0.0,0.0,4.0,0.0,2.5,0.0,0.0,2.5,15.8109375,1.60925,0.0,156.25,1838,132.5,96.897176828822
95,Fe,Mg0.5Al0.5O0.5N0.5,26.0,55.0,55.845,1811.0,8.0,4.0,132.0,1.83,2.0,0.0,6.0,0.0,8.0,0.0,0.0,4.0,4.0,10.73,0.0,2.1106628,229.0,10.0,77.5,20.32315965,493.58,11.5,2.5,99.75,2.35,2.0,2.0,0.0,0.0,4.0,0.0,2.5,0.0,0.0,2.5,15.8109375,1.60925,0.0,156.25,1848,130.4,96.897176828822
96,Fe,Mg0.5Al0.5O0.5N0.5,26.0,55.0,55.845,1811.0,8.0,4.0,132.0,1.83,2.0,0.0,6.0,0.0,8.0,0.0,0.0,4.0,4.0,10.73,0.0,2.1106628,229.0,10.0,77.5,20.32315965,493.58,11.5,2.5,99.75,2.35,2.0,2.0,0.0,0.0,4.0,0.0,2.5,0.0,0.0,2.5,15.8109375,1.60925,0.0,156.25,1858,129.9,97.11245460659978
97,Fe,Mg0.5Al0.5O0.5N0.5,26.0,55.0,55.845,1811.0,8.0,4.0,132.0,1.83,2.0,0.0,6.0,0.0,8.0,0.0,0.0,4.0,4.0,10.73,0.0,2.1106628,229.0,10.0,77.5,20.32315965,493.58,11.5,2.5,99.75,2.35,2.0,2.0,0.0,0.0,4.0,0.0,2.5,0.0,0.0,2.5,15.8109375,1.60925,0.0,156.25,1873,129.5,97.11245460659978
98,Fe,Mg0.5Al0.5O0.5N0.5,26.0,55.0,55.845,1811.0,8.0,4.0,132.0,1.83,2.0,0.0,6.0,0.0,8.0,0.0,0.0,4.0,4.0,10.73,0.0,2.1106628,229.0,10.0,77.5,20.32315965,493.58,11.5,2.5,99.75,2.35,2.0,2.0,0.0,0.0,4.0,0.0,2.5,0.0,0.0,2.5,15.8109375,1.60925,0.0,156.25,1823,97.0,96.897176828822
99,Fe,Mg0.5Al0.5O0.5N0.5,26.0,55.0,55.845,1811.0,8.0,4.0,132.0,1.83,2.0,0.0,6.0,0.0,8.0,0.0,0.0,4.0,4.0,10.73,0.0,2.1106628,229.0,10.0,77.5,20.32315965,493.58,11.5,2.5,99.75,2.35,2.0,2.0,0.0,0.0,4.0,0.0,2.5,0.0,0.0,2.5,15.8109375,1.60925,0.0,156.25,1823,78.0,96.897176828822
100,Ni,Al2O3,28.0,61.0,58.6934,1728.0,10.0,4.0,124.0,1.91,2.0,0.0,8.0,0.0,10.0,0.0,0.0,2.0,2.0,10.32,0.0,0.5953947,225.0,10.0,81.4,20.39225544,406.268,14.8,2.4,88.0,2.708,2.0,2.8,0.0,0.0,4.8,0.0,3.2,0.0,0.0,3.2,12.055,0.0,0.0,97.2,1743,112.0,89.66018880318933
101,Ni0.9Cr0.1,Al2O3,27.6,59.8,58.02367,1773.2,9.6,4.0,125.5,1.885,1.9,0.0,7.7,0.0,9.6,0.1,0.0,2.3,2.4,10.407,0.0,0.53585523,225.4,10.0,81.4,20.39225544,406.268,14.8,2.4,88.0,2.708,2.0,2.8,0.0,0.0,4.8,0.0,3.2,0.0,0.0,3.2,12.055,0.0,0.0,97.2,1743,95.0,90.47521432550653
102,Ni0.78Cr0.22,Al2O3,27.12,58.36,57.219994,1827.44,9.12,4.0,127.3,1.855,1.78,0.0,7.34,0.0,9.12,0.22,0.0,2.66,2.88,10.5114,0.0,0.464407866,225.88,10.0,81.4,20.39225544,406.268,14.8,2.4,88.0,2.708,2.0,2.8,0.0,0.0,4.8,0.0,3.2,0.0,0.0,3.2,12.055,0.0,0.0,97.2,1743,90.0,90.2422702537604
103,Ni0.81Fe0.19,Al2O3,27.62,59.86,58.152204,1743.77,9.62,4.0,125.52,1.8948,2.0,0.0,7.62,0.0,9.62,0.0,0.0,2.38,2.38,10.3979,0.0,0.883295639,225.76,10.0,81.4,20.39225544,406.268,14.8,2.4,88.0,2.708,2.0,2.8,0.0,0.0,4.8,0.0,3.2,0.0,0.0,3.2,12.055,0.0,0.0,97.2,1743,112.0,89.9946973501979
104,Ni0.632Fe0.148Cr0.22,Al2O3,26.824,57.472,56.7984308,1839.724,8.824,4.0,128.484,1.84316,1.78,0.0,7.044,0.0,8.824,0.22,0.0,2.956,3.176,10.57208,0.0,0.688667545,226.472,10.0,81.4,20.39225544,406.268,14.8,2.4,88.0,2.708,2.0,2.8,0.0,0.0,4.8,0.0,3.2,0.0,0.0,3.2,12.055,0.0,0.0,97.2,1743,90.0,82.42099623763029
105,Ni0.55Pd0.45,Al2O3,36.1,61.45,80.17037,1773.0225,10.0,4.45,130.75,2.0405,1.1,0.0,8.9,0.0,10.0,0.0,0.0,1.1,1.1,12.1605,0.0,0.327467085,225.0,10.0,81.4,20.39225544,406.268,14.8,2.4,88.0,2.708,2.0,2.8,0.0,0.0,4.8,0.0,3.2,0.0,0.0,3.2,12.055,0.0,0.0,97.2,1523,112.0,89.85934803123531
106,Ni0.549Pd0.351Cr0.1,Al2O3,33.918,60.151,74.7757066,1808.31755,9.6,4.351,130.765,1.98679,1.198,0.0,8.402,0.0,9.6,0.1,0.0,1.598,1.698,11.84259,0.0,0.32687169,225.4,10.0,81.4,20.39225544,406.268,14.8,2.4,88.0,2.708,2.0,2.8,0.0,0.0,4.8,0.0,3.2,0.0,0.0,3.2,12.055,0.0,0.0,97.2,1523,112.0,85.08043021679667
107,Ni0.545Pd0.45Cr0.005,Al2O3,36.08,61.39,80.1368835,1775.2825,9.98,4.45,130.825,2.03925,1.095,0.0,8.885,0.0,9.98,0.005,0.0,1.115,1.12,12.16485,0.0,0.324490112,225.02,10.0,81.4,20.39225544,406.268,14.8,2.4,88.0,2.708,2.0,2.8,0.0,0.0,4.8,0.0,3.2,0.0,0.0,3.2,12.055,0.0,0.0,97.2,1523,108.0,89.56893384472738
108,Ni0.583Pd0.405Cr0.012,Al2O3,35.242,61.261,77.9423054,1773.94425,9.952,4.405,130.255,2.02445,1.178,0.0,8.774,0.0,9.952,0.012,0.0,1.226,1.238,11.98689,0.0,0.34711511,225.048,10.0,81.4,20.39225544,406.268,14.8,2.4,88.0,2.708,2.0,2.8,0.0,0.0,4.8,0.0,3.2,0.0,0.0,3.2,12.055,0.0,0.0,97.2,1523,110.0,89.13871386216366
109,Ni0.499Pd0.448Cr0.053,Al2O3,35.852,60.812,79.7199599,1796.7784,9.788,4.448,131.515,2.02667,1.051,0.0,8.737,0.0,9.788,0.053,0.0,1.263,1.316,12.19843,0.0,0.297101955,225.212,10.0,81.4,20.39225544,406.268,14.8,2.4,88.0,2.708,2.0,2.8,0.0,0.0,4.8,0.0,3.2,0.0,0.0,3.2,12.055,0.0,0.0,97.2,1523,107.0,113.46499300581412
110,Ni0.4Pd0.445Cr0.155,Al2O3,35.39,59.585,78.8936555,1842.58225,9.38,4.445,133.0,2.0003,0.955,0.0,8.425,0.0,9.38,0.155,0.0,1.575,1.73,12.2749,0.0,0.23815788,225.62,10.0,81.4,20.39225544,406.268,14.8,2.4,88.0,2.708,2.0,2.8,0.0,0.0,4.8,0.0,3.2,0.0,0.0,3.2,12.055,0.0,0.0,97.2,1523,113.0,113.37413396901758
111,Ni,Al2O3,28.0,61.0,58.6934,1728.0,10.0,4.0,124.0,1.91,2.0,0.0,8.0,0.0,10.0,0.0,0.0,2.0,2.0,10.32,0.0,0.5953947,225.0,10.0,81.4,20.39225544,406.268,14.8,2.4,88.0,2.708,2.0,2.8,0.0,0.0,4.8,0.0,3.2,0.0,0.0,3.2,12.055,0.0,0.0,97.2,1773,113.0,89.66018880318933
112,Ni0.95Ti0.05,Al2O3,27.7,60.1,58.15208,1738.65,9.7,4.0,125.8,1.8915,2.0,0.0,7.7,0.0,9.7,0.0,0.0,2.3,2.3,10.6385,0.0,0.565626092,223.45,10.0,81.4,20.39225544,406.268,14.8,2.4,88.0,2.708,2.0,2.8,0.0,0.0,4.8,0.0,3.2,0.0,0.0,3.2,12.055,0.0,0.0,97.2,1773,83.0,89.20775362070208
113,Ni0.936Ti0.064,Al2O3,27.616,59.848,58.0005104,1741.632,9.616,4.0,126.304,1.88632,2.0,0.0,7.616,0.0,9.616,0.0,0.0,2.384,2.384,10.72768,0.0,0.557290881,223.016,10.0,81.4,20.39225544,406.268,14.8,2.4,88.0,2.708,2.0,2.8,0.0,0.0,4.8,0.0,3.2,0.0,0.0,3.2,12.055,0.0,0.0,97.2,1773,72.0,89.58134633200311
114,Ni0.871Ti0.129,Al2O3,27.226,58.678,57.2967944,1755.477,9.226,4.0,128.644,1.86227,2.0,0.0,7.226,0.0,9.226,0.0,0.0,2.774,2.774,11.14173,0.0,0.518591691,221.001,10.0,81.4,20.39225544,406.268,14.8,2.4,88.0,2.708,2.0,2.8,0.0,0.0,4.8,0.0,3.2,0.0,0.0,3.2,12.055,0.0,0.0,97.2,1773,63.0,84.37629601966113
115,Ni0.852Ti0.148,Al2O3,27.112,58.336,57.0910928,1759.524,9.112,4.0,129.328,1.85524,2.0,0.0,7.112,0.0,9.112,0.0,0.0,2.888,2.888,11.26276,0.0,0.507279619,220.412,10.0,81.4,20.39225544,406.268,14.8,2.4,88.0,2.708,2.0,2.8,0.0,0.0,4.8,0.0,3.2,0.0,0.0,3.2,12.055,0.0,0.0,97.2,1773,61.0,81.07710986574149
116,Ni0.803Ti0.197,Al2O3,26.818,57.454,56.5605992,1769.961,8.818,4.0,131.092,1.83711,2.0,0.0,6.818,0.0,8.818,0.0,0.0,3.182,3.182,11.57489,0.0,0.478106383,218.893,10.0,81.4,20.39225544,406.268,14.8,2.4,88.0,2.708,2.0,2.8,0.0,0.0,4.8,0.0,3.2,0.0,0.0,3.2,12.055,0.0,0.0,97.2,1773,50.0,77.17648022207457
117,Ni0.74Ti0.26,Al2O3,26.44,56.32,55.878536,1783.38,8.44,4.0,133.36,1.8138,2.0,0.0,6.44,0.0,8.44,0.0,0.0,3.56,3.56,11.9762,0.0,0.440597937,216.94,10.0,81.4,20.39225544,406.268,14.8,2.4,88.0,2.708,2.0,2.8,0.0,0.0,4.8,0.0,3.2,0.0,0.0,3.2,12.055,0.0,0.0,97.2,1773,40.0,77.56781852282158
118,Ni0.9Mo0.1,Al2O3,29.4,59.9,62.42006,1844.8,9.6,4.1,127.0,1.935,1.9,0.0,7.7,0.0,9.6,0.1,0.0,2.3,2.4,10.857,0.0,0.53585523,225.4,10.0,81.4,20.39225544,406.268,14.8,2.4,88.0,2.708,2.0,2.8,0.0,0.0,4.8,0.0,3.2,0.0,0.0,3.2,12.055,0.0,0.0,97.2,1773,108.0,89.98216067198412
119,Ni0.861Mo0.096Ti0.043,Al2O3,29.086,59.17,61.8054584,1849.287,9.358,4.096,128.428,1.91809,1.904,0.0,7.454,0.0,9.358,0.096,0.0,2.546,2.642,11.10943,0.0,0.512635806,224.051,10.0,81.4,20.39225544,406.268,14.8,2.4,88.0,2.708,2.0,2.8,0.0,0.0,4.8,0.0,3.2,0.0,0.0,3.2,12.055,0.0,0.0,97.2,1773,88.0,89.45675805955028
120,Ni0.81Mo0.09Ti0.1,Al2O3,28.66,58.21,60.964754,1854.42,9.04,4.09,130.3,1.8955,1.91,0.0,7.13,0.0,9.04,0.09,0.0,2.87,2.96,11.4403,0.0,0.48227196,222.26,10.0,81.4,20.39225544,406.268,14.8,2.4,88.0,2.708,2.0,2.8,0.0,0.0,4.8,0.0,3.2,0.0,0.0,3.2,12.055,0.0,0.0,97.2,1773,68.0,81.96373072982753
121,Ni0.78Mo0.087Ti0.133,Al2O3,28.42,57.649,60.495683,1857.945,8.854,4.087,131.398,1.88254,1.913,0.0,6.941,0.0,8.854,0.087,0.0,3.059,3.146,11.6344,0.0,0.464410863,221.225,10.0,81.4,20.39225544,406.268,14.8,2.4,88.0,2.708,2.0,2.8,0.0,0.0,4.8,0.0,3.2,0.0,0.0,3.2,12.055,0.0,0.0,97.2,1773,59.0,79.57994099718364
122,Ni0.72Mo0.08Ti0.2,Al2O3,27.92,56.52,59.509448,1864.04,8.48,4.08,133.6,1.856,1.92,0.0,6.56,0.0,8.48,0.08,0.0,3.44,3.52,12.0236,0.0,0.428688691,219.12,10.0,81.4,20.39225544,406.268,14.8,2.4,88.0,2.708,2.0,2.8,0.0,0.0,4.8,0.0,3.2,0.0,0.0,3.2,12.055,0.0,0.0,97.2,1773,46.0,77.3426767047631
123,Ni0.675Mo0.075Ti0.25,Al2O3,27.55,55.675,58.781795,1868.85,8.2,4.075,135.25,1.83625,1.925,0.0,6.275,0.0,8.2,0.075,0.0,3.725,3.8,12.31525,0.0,0.401897056,217.55,10.0,81.4,20.39225544,406.268,14.8,2.4,88.0,2.708,2.0,2.8,0.0,0.0,4.8,0.0,3.2,0.0,0.0,3.2,12.055,0.0,0.0,97.2,1773,37.0,78.08973388369527
124,Ni0.8Mo0.2,Al2O3,30.8,58.8,66.14672,1961.6,9.2,4.2,130.0,1.96,1.8,0.0,7.4,0.0,9.2,0.2,0.0,2.6,2.8,11.394,0.0,0.47631576,225.8,10.0,81.4,20.39225544,406.268,14.8,2.4,88.0,2.708,2.0,2.8,0.0,0.0,4.8,0.0,3.2,0.0,0.0,3.2,12.055,0.0,0.0,97.2,1773,111.0,101.68060189764849
125,Ni0.786Mo0.196Ti0.018,Al2O3,30.636,58.52,65.8027784,1960.762,9.108,4.196,130.528,1.95234,1.804,0.0,7.304,0.0,9.108,0.196,0.0,2.696,2.892,11.48718,0.0,0.46798064,225.226,10.0,81.4,20.39225544,406.268,14.8,2.4,88.0,2.708,2.0,2.8,0.0,0.0,4.8,0.0,3.2,0.0,0.0,3.2,12.055,0.0,0.0,97.2,1773,103.0,102.11899204916364
126,Ni0.758Mo0.19Ti0.052,Al2O3,30.348,57.974,65.2110812,1960.996,8.928,4.19,131.572,1.93826,1.81,0.0,7.118,0.0,8.928,0.19,0.0,2.882,3.072,11.67154,0.0,0.451310354,224.148,10.0,81.4,20.39225544,406.268,14.8,2.4,88.0,2.708,2.0,2.8,0.0,0.0,4.8,0.0,3.2,0.0,0.0,3.2,12.055,0.0,0.0,97.2,1773,92.0,93.2769045506055
127,Ni0.74Mo0.185Ti0.075,Al2O3,30.14,57.615,64.775741,1960.055,8.81,4.185,132.25,1.9285,1.815,0.0,6.995,0.0,8.81,0.185,0.0,3.005,3.19,11.7912,0.0,0.440593768,223.415,10.0,81.4,20.39225544,406.268,14.8,2.4,88.0,2.708,2.0,2.8,0.0,0.0,4.8,0.0,3.2,0.0,0.0,3.2,12.055,0.0,0.0,97.2,1773,84.0,91.39043216303936
128,Ni0.717Mo0.179Ti0.104,Al2O3,29.882,57.159,64.2381758,1959.224,8.66,4.179,133.114,1.91627,1.821,0.0,6.839,0.0,8.66,0.179,0.0,3.161,3.34,11.94371,0.0,0.426900343,222.492,10.0,81.4,20.39225544,406.268,14.8,2.4,88.0,2.708,2.0,2.8,0.0,0.0,4.8,0.0,3.2,0.0,0.0,3.2,12.055,0.0,0.0,97.2,1773,74.0,92.17334351865904
129,Ni0.706Mo0.177Ti0.117,Al2O3,29.776,56.947,64.0228994,1959.657,8.59,4.177,133.522,1.91096,1.823,0.0,6.767,0.0,8.59,0.177,0.0,3.233,3.41,12.01578,0.0,0.420351295,222.081,10.0,81.4,20.39225544,406.268,14.8,2.4,88.0,2.708,2.0,2.8,0.0,0.0,4.8,0.0,3.2,0.0,0.0,3.2,12.055,0.0,0.0,97.2,1773,74.0,91.7729517807673
130,Ni0.672Mo0.168Ti0.16,Al2O3,29.392,56.272,63.2219648,1958.304,8.368,4.168,134.8,1.8928,1.832,0.0,6.536,0.0,8.368,0.168,0.0,3.464,3.632,12.24136,0.0,0.400108844,220.712,10.0,81.4,20.39225544,406.268,14.8,2.4,88.0,2.708,2.0,2.8,0.0,0.0,4.8,0.0,3.2,0.0,0.0,3.2,12.055,0.0,0.0,97.2,1773,62.0,92.1098730770636
131,Ni0.666Mo0.167Ti0.167,Al2O3,29.336,56.157,63.1089134,1958.627,8.33,4.167,135.022,1.88996,1.833,0.0,6.497,0.0,8.33,0.167,0.0,3.503,3.67,12.28058,0.0,0.396536633,220.491,10.0,81.4,20.39225544,406.268,14.8,2.4,88.0,2.708,2.0,2.8,0.0,0.0,4.8,0.0,3.2,0.0,0.0,3.2,12.055,0.0,0.0,97.2,1773,60.0,92.1098730770636
132,Ni0.633Mo0.158Ti0.209,Al2O3,28.958,55.5,62.3188052,1957.061,8.114,4.158,136.264,1.87217,1.842,0.0,6.272,0.0,8.114,0.158,0.0,3.728,3.886,12.49979,0.0,0.376889555,219.153,10.0,81.4,20.39225544,406.268,14.8,2.4,88.0,2.708,2.0,2.8,0.0,0.0,4.8,0.0,3.2,0.0,0.0,3.2,12.055,0.0,0.0,97.2,1773,49.0,91.84775088791017
133,Ni0.58Mo0.42,Al2O3,33.88,56.38,74.345372,2218.56,8.32,4.42,136.6,2.015,1.58,0.0,6.74,0.0,8.32,0.42,0.0,3.26,3.68,12.5754,0.0,0.345328926,226.68,10.0,81.4,20.39225544,406.268,14.8,2.4,88.0,2.708,2.0,2.8,0.0,0.0,4.8,0.0,3.2,0.0,0.0,3.2,12.055,0.0,0.0,97.2,1773,110.0,82.04793028537819
134,Ni0.572Mo0.414Ti0.014,Al2O3,33.712,56.194,73.9702028,2214.534,8.26,4.414,136.924,2.00832,1.586,0.0,6.674,0.0,8.26,0.414,0.0,3.326,3.74,12.63236,0.0,0.340566084,226.222,10.0,81.4,20.39225544,406.268,14.8,2.4,88.0,2.708,2.0,2.8,0.0,0.0,4.8,0.0,3.2,0.0,0.0,3.2,12.055,0.0,0.0,97.2,1773,92.0,82.57035257373796
135,Ni0.552Mo0.399Ti0.049,Al2O3,33.292,55.729,73.0322798,2204.469,8.11,4.399,137.734,1.99162,1.601,0.0,6.509,0.0,8.11,0.399,0.0,3.491,3.89,12.77476,0.0,0.328658979,225.077,10.0,81.4,20.39225544,406.268,14.8,2.4,88.0,2.708,2.0,2.8,0.0,0.0,4.8,0.0,3.2,0.0,0.0,3.2,12.055,0.0,0.0,97.2,1773,72.0,82.66193243484906
136,Ni0.532Mo0.385Ti0.083,Al2O3,32.892,55.271,72.1424498,2195.359,7.962,4.385,138.538,1.97554,1.615,0.0,6.347,0.0,7.962,0.385,0.0,3.653,4.038,12.91616,0.0,0.316751851,223.967,10.0,81.4,20.39225544,406.268,14.8,2.4,88.0,2.708,2.0,2.8,0.0,0.0,4.8,0.0,3.2,0.0,0.0,3.2,12.055,0.0,0.0,97.2,1773,63.0,82.66193243484906
137,Ni0.521Mo0.377Ti0.102,Al2O3,32.666,55.017,71.6386154,2190.062,7.88,4.377,138.982,1.96651,1.623,0.0,6.257,0.0,7.88,0.377,0.0,3.743,4.12,12.99423,0.0,0.310202937,223.346,10.0,81.4,20.39225544,406.268,14.8,2.4,88.0,2.708,2.0,2.8,0.0,0.0,4.8,0.0,3.2,0.0,0.0,3.2,12.055,0.0,0.0,97.2,1773,59.0,81.95888860368024
138,Ni0.509Mo0.369Ti0.122,Al2O3,32.434,54.745,71.1239546,2184.978,7.792,4.369,139.462,1.95711,1.631,0.0,6.161,0.0,7.792,0.369,0.0,3.839,4.208,13.07867,0.0,0.303058651,222.694,10.0,81.4,20.39225544,406.268,14.8,2.4,88.0,2.708,2.0,2.8,0.0,0.0,4.8,0.0,3.2,0.0,0.0,3.2,12.055,0.0,0.0,97.2,1773,54.0,101.2210125738006
